建筑年代,有无电梯,户型结构,产权性质,房源编号,挂牌时间,价格,朝向,楼层,区域
2010年,无,平层,商品房,180639157,2018-08-08,700万,南,低层 楼层（共3层）,保利心语
2015年,有,平层,个人产权,随时看房,178453640,2018-06-06,274万,南北,高层 楼层（共18层）,保利心语
2015年,有,个人产权,随时看房,179242568,2018-06-29,265万,南北,高层 楼层（共18层）,保利心语
2015年,无,平层,商品房,随时看房,179384229,2018-07-03,200万,南,低层 楼层（共34层）,保利心语
2014年,无,平层,商品房,随时看房,180632755,2018-08-08,255万,南北,高层 楼层（共33层）,保利心语
2009年,无,商品房,随时看房,180276251,2018-07-29,185万,南北,低层 楼层（共16层）,保利心语
2015年,无,平层,商品房,电话预约,180545166,2018-08-06,290万,南北,低层 楼层（共25层）,保利心语
2009年,有,平层,商品房,随时看房,180338033,2018-08-07,205万,南,中层 楼层（共18层）,保利心语
2013年,无,平层,商品房,随时看房,180604167,2018-08-08,398万,南北,中层 楼层（共28层）,城投瀚城
2014年,有,个人产权,随时看房,179805122,2018-07-17,210万,南北,高层 楼层（共33层）,城投瀚城
2014年,无,平层,个人产权,随时看房,180506524,2018-08-05,500万,南北,中层 楼层（共16层）,城投瀚城
2014年,有,平层,个人产权,随时看房,179852237,2018-07-18,620万,南北,中层 楼层（共8层）,城投瀚城
2013年,无,平层,商品房,随时看房,180604119,2018-08-08,560万,南,中层 楼层（共11层）,城投瀚城
2012年,无,平层,个人产权,随时看房,180612029,2018-08-08,415万,南北,中层 楼层（共32层）,城投瀚城
2015年,有,平层,商品房,随时看房,178145250,2018-06-20,438万,南,低层 楼层（共32层）,城投瀚城
2014年,有,平层,个人产权,随时看房,180600424,2018-08-08,216万,南,高层 楼层（共32层）,城投瀚城
2013年,无,平层,商品房,随时看房,179448557,2018-07-05,360万,南北,低层 楼层（共29层）,保利华都 (距2号线杨家湾站约325米)
2012年,有,平层,商品房,随时看房,180517425,2018-08-05,330万,南北,高层 楼层（共18层）,保利华都 (距2号线杨家湾站约325米)
2012年,有,平层,个人产权,随时看房,180391052,2018-08-02,375万,南北,低层 楼层（共32层）,保利华都 (距2号线杨家湾站约325米)
2012年,无,平层,商品房,随时看房,180365362,2018-08-01,355万,南,中层 楼层（共31层）,保利华都 (距2号线杨家湾站约325米)
2013年,有,平层,商品房,随时看房,180422749,2018-08-03,128万,北,中层 楼层（共29层）,保利华都 (距2号线杨家湾站约325米)
2013年,有,平层,商品房,随时看房,180613569,2018-08-08,220万,南北,中层 楼层（共32层）,保利华都 (距2号线杨家湾站约325米)
2012年,有,平层,个人产权,随时看房,180625038,2018-08-08,295万,南北,低层 楼层（共29层）,保利华都 (距2号线杨家湾站约325米)
2012年,无,平层,个人产权,随时看房,180624797,2018-08-08,128万,南,低层 楼层（共32层）,保利华都 (距2号线杨家湾站约325米)
2017年,无,商品房,电话预约,180044839,2018-07-23,127万,南北,低层 楼层（共34层）,复地悦城
2015年,有,个人产权,随时看房,180632896,2018-08-08,158万,南北,中层 楼层（共29层）,复地悦城
2014年,有,平层,商品房,随时看房,180529706,2018-08-05,173万,南北,低层 楼层（共34层）,复地悦城
2015年,有,平层,个人产权,随时看房,177620935,2018-05-25,120万,南北,高层 楼层（共34层）,复地悦城
2015年,有,平层,个人产权,随时看房,180621198,2018-08-08,135万,南,中层 楼层（共34层）,复地悦城
2014年,无,平层,个人产权,随时看房,180639581,2018-08-08,120万,南,低层 楼层（共34层）,复地悦城
2015年,无,平层,商品房,179547225,2018-07-08,128万,南北,高层 楼层（共33层）,复地悦城
2016年,无,商品房,180616475,2018-08-08,143万,南,中层 楼层（共34层）,复地悦城
2014年,无,商品房,180625529,2018-08-08,195万,南北,高层 楼层（共22层）,福星惠誉东澜岸
2014年,有,平层,商品房,随时看房,180628626,2018-08-08,119万,东南,高层 楼层（共34层）,福星惠誉东澜岸
2014年,有,平层,商品房,180632364,2018-08-08,110万,南北,低层 楼层（共18层）,福星惠誉东澜岸
2014年,无,平层,个人产权,随时看房,180119433,2018-07-25,125万,南,中层 楼层（共32层）,福星惠誉东澜岸
2014年,有,平层,商品房,随时看房,178476734,2018-06-07,110万,南北,低层 楼层（共34层）,福星惠誉东澜岸
2014年,无,平层,商品房,随时看房,180081763,2018-07-24,129万,东南,低层 楼层（共34层）,福星惠誉东澜岸
2014年,有,平层,商品房,随时看房,180610091,2018-08-07,116万,南北,高层 楼层（共31层）,福星惠誉东澜岸
2009年,无,商品房,180600874,2018-08-07,297万,南北,中层 楼层（共8层）,福星惠誉东澜岸
2013年,有,平层,商品房,随时看房,180636005,2018-08-08,217万,南北,低层 楼层（共30层）,泰然南湖玫瑰湾三期
2013年,无,平层,商品房,随时看房,180590516,2018-08-07,605万,南北,高层 楼层（共10层）,泰然南湖玫瑰湾三期
2013年,有,平层,商品房,电话预约,179636204,2018-07-11,210万,南北,中层 楼层（共33层）,泰然南湖玫瑰湾三期
2013年,有,平层,个人产权,随时看房,180044665,2018-07-23,390万,南,中层 楼层（共5层）,泰然南湖玫瑰湾三期
2013年,有,平层,个人产权,180610051,2018-08-08,618万,南北,高层 楼层（共11层）,泰然南湖玫瑰湾三期
2013年,有,平层,个人产权,随时看房,179372352,2018-07-03,265万,东南,高层 楼层（共28层）,泰然南湖玫瑰湾三期
2013年,无,平层,商品房,随时看房,180406102,2018-08-02,475万,南北,中层 楼层（共4层）,泰然南湖玫瑰湾三期
2013年,有,商品房,随时看房,180031863,2018-07-30,300万,南北,低层 楼层（共31层）,泰然南湖玫瑰湾三期
2007年,无,平层,商品房,180627844,2018-08-08,195万,南,低层 楼层（共11层）,名都花园 (距2号线虎泉站约830米)
2006年,有,平层,个人产权,随时看房,179998983,2018-07-22,290万,南北,高层 楼层（共11层）,名都花园 (距2号线虎泉站约830米)
2004年,有,平层,个人产权,随时看房,180503145,2018-08-05,278万,南北,高层 楼层（共11层）,名都花园 (距2号线虎泉站约830米)
2008年,有,平层,个人产权,随时看房,180160888,2018-07-26,280万,南北,高层 楼层（共11层）,名都花园 (距2号线虎泉站约830米)
2007年,无,平层,商品房,随时看房,180615168,2018-08-08,195万,南,中层 楼层（共11层）,名都花园 (距2号线虎泉站约830米)
2013年,无,平层,个人产权,随时看房,180629762,2018-08-08,289万,南北,中层 楼层（共11层）,名都花园 (距2号线虎泉站约830米)
2005年,有,个人产权,随时看房,179274749,2018-06-30,425万,南,低层 楼层（共11层）,名都花园 (距2号线虎泉站约830米)
2013年,无,平层,商品房,随时看房,180631775,2018-08-08,260万,南北,中层 楼层（共11层）,名都花园 (距2号线虎泉站约830米)
2016年,有,平层,个人产权,随时看房,180283663,2018-07-30,156万,南北,低层 楼层（共33层）,佳兆业金域天下
2009年,有,平层,商品房,随时看房,180539433,2018-08-05,154万,南北,中层 楼层（共34层）,佳兆业金域天下
2016年,有,平层,商品房,随时看房,179519773,2018-07-08,190万,东西,低层 楼层（共22层）,佳兆业金域天下
2016年,有,平层,个人产权,随时看房,179291863,2018-06-30,175万,南北,高层 楼层（共34层）,佳兆业金域天下
2016年,有,商品房,180621956,2018-08-08,143万,南北,低层 楼层（共34层）,佳兆业金域天下
2016年,有,平层,个人产权,随时看房,179043363,2018-06-23,160万,南北,中层 楼层（共34层）,佳兆业金域天下
2016年,无,商品房,电话预约,179765218,2018-07-16,230万,南北,低层 楼层（共34层）,佳兆业金域天下
2015年,有,个人产权,随时看房,180015639,2018-07-22,160万,南,低层 楼层（共34层）,佳兆业金域天下
2013年,无,平层,商品房,电话预约,179573605,2018-07-16,220万,南北,高层 楼层（共33层）,保利蓝海郡
2013年,无,平层,个人产权,随时看房,180611520,2018-08-08,660万,南北,高层 楼层（共1层）,保利蓝海郡
2014年,无,平层,个人产权,随时看房,177940860,2018-06-20,420万,南北,高层 楼层（共33层）,保利蓝海郡
2014年,无,平层,个人产权,随时看房,177941217,2018-06-20,300万,南北,中层 楼层（共30层）,保利蓝海郡
2013年,有,平层,商品房,随时看房,178127754,2018-07-16,220万,南北,低层 楼层（共32层）,保利蓝海郡
2013年,有,平层,个人产权,随时看房,179709621,2018-08-08,209万,南北,高层 楼层（共22层）,保利蓝海郡
2013年,有,个人产权,随时看房,179602315,2018-07-10,220万,南北,高层 楼层（共33层）,保利蓝海郡
2013年,有,平层,个人产权,随时看房,180145106,2018-07-26,408万,南北,高层 楼层（共4层）,保利蓝海郡
2015年,无,平层,商品房,180637973,2018-08-08,208万,南,高层 楼层（共34层）,保利拉菲
2013年,有,个人产权,随时看房,179488789,2018-07-07,210万,北,低层 楼层（共30层）,保利拉菲
2013年,有,个人产权,随时看房,179273280,2018-06-30,199万,南,高层 楼层（共30层）,保利拉菲
2013年,无,平层,个人产权,随时看房,180643468,2018-08-08,290万,南北,高层 楼层（共34层）,保利拉菲
2013年,有,平层,个人产权,随时看房,180641698,2018-08-08,175万,南,中层 楼层（共34层）,保利拉菲
2012年,无,平层,个人产权,随时看房,180644655,2018-08-08,288万,南北,低层 楼层（共34层）,保利拉菲
2013年,无,平层,个人产权,随时看房,180629847,2018-08-08,158万,南,高层 楼层（共35层）,保利拉菲
2013年,有,平层,个人产权,随时看房,179853210,2018-07-18,200万,南,低层 楼层（共34层）,保利拉菲
2007年,无,平层,个人产权,随时看房,180621269,2018-08-08,365万,南北,高层 楼层（共32层）,领秀城 (距2号线虎泉站约868米)
2014年,无,平层,商品房,随时看房,180628218,2018-08-08,200万,南北,中层 楼层（共34层）,领秀城 (距2号线虎泉站约868米)
2013年,无,平层,商品房,随时看房,178959223,2018-07-06,230万,南,中层 楼层（共31层）,领秀城 (距2号线虎泉站约868米)
2010年,有,平层,个人产权,随时看房,180614276,2018-08-08,205万,南北,中层 楼层（共29层）,领秀城 (距2号线虎泉站约868米)
2014年,无,平层,个人产权,随时看房,180617812,2018-08-08,215万,南北,中层 楼层（共32层）,领秀城 (距2号线虎泉站约868米)
2010年,有,平层,个人产权,随时看房,180441371,2018-08-03,90万,南,中层 楼层（共32层）,领秀城 (距2号线虎泉站约868米)
2007年,有,商品房,随时看房,180459480,2018-08-03,200万,南北,中层 楼层（共32层）,领秀城 (距2号线虎泉站约868米)
2013年,无,平层,商品房,随时看房,179009068,2018-07-31,250万,南北,低层 楼层（共30层）,领秀城 (距2号线虎泉站约868米)
2017年,有,个人产权,随时看房,180643189,2018-08-08,87万,南北,中层 楼层（共11层）,东原湖光里
2014年,无,商品房,180628126,2018-08-08,130万,南北,中层 楼层（共32层）,东原湖光里
2018年,无,跃层,商品房,随时看房,180200415,2018-07-31,160万,南北,高层 楼层（共27层）,东原湖光里
2018年,有,平层,商品房,随时看房,180159913,2018-07-26,128万,南北,低层 楼层（共34层）,东原湖光里
2016年,无,平层,个人产权,随时看房,180610907,2018-08-08,140万,南,中层 楼层（共13层）,东原湖光里
2018年,无,平层,个人产权,随时看房,180062639,2018-08-06,143万,南北,低层 楼层（共33层）,东原湖光里
2018年,无,平层,商品房,随时看房,180494497,2018-08-04,85万,南北,高层 楼层（共11层）,东原湖光里
2016年,无,平层,个人产权,随时看房,180613344,2018-08-08,120万,南,高层 楼层（共32层）,东原湖光里
2016年,无,平层,商品房,随时看房,179087607,2018-06-25,400万,南北,低层 楼层（共5层）,世茂林屿岸
2016年,有,商品房,电话预约,180633540,2018-08-08,142万,南北,高层 楼层（共34层）,世茂林屿岸
2016年,无,商品房,电话预约,180612369,2018-08-08,140万,南北,高层 楼层（共34层）,世茂林屿岸
2016年,无,平层,商品房,电话预约,179855127,2018-07-18,157万,南,低层 楼层（共35层）,世茂林屿岸
2016年,有,个人产权,随时看房,180176710,2018-07-26,390万,南北,中层 楼层（共5层）,世茂林屿岸
2016年,无,平层,商品房,电话预约,179852991,2018-07-18,140万,南,中层 楼层（共34层）,世茂林屿岸
2017年,无,平层,个人产权,随时看房,179998653,2018-07-21,130万,南,高层 楼层（共46层）,世茂林屿岸
2015年,无,平层,商品房,随时看房,179815264,2018-07-17,145万,南北,低层 楼层（共34层）,世茂林屿岸
2002年,无,平层,个人产权,随时看房,180587921,2018-08-07,165万,南北,低层 楼层（共6层）,关西小区 (距2号线杨家湾站约706米)
2013年,无,平层,商品房,随时看房,180627622,2018-08-08,130万,南北,中层 楼层（共7层）,关西小区 (距2号线杨家湾站约706米)
2002年,无,平层,商品房,180640731,2018-08-08,170万,南北,中层 楼层（共7层）,关西小区 (距2号线杨家湾站约706米)
2002年,无,个人产权,179922551,2018-07-19,148万,南北,中层 楼层（共7层）,关西小区 (距2号线杨家湾站约706米)
2004年,无,平层,商品房,随时看房,180416772,2018-08-02,165万,南,中层 楼层（共7层）,关西小区 (距2号线杨家湾站约706米)
2002年,无,平层,商品房,180641113,2018-08-08,125万,南北,低层 楼层（共7层）,关西小区 (距2号线杨家湾站约706米)
2002年,无,平层,商品房,随时看房,179915549,2018-07-19,198万,南北,高层 楼层（共7层）,关西小区 (距2号线杨家湾站约706米)
2002年,无,平层,商品房,180607725,2018-08-08,143万,南北,高层 楼层（共7层）,关西小区 (距2号线杨家湾站约706米)
2010年,有,平层,商品房,随时看房,179696727,2018-07-13,260万,暂无,低层 楼层（共28层）,泰然南湖玫瑰湾二期
2011年,无,平层,商品房,随时看房,180311906,2018-07-30,310万,南北,中层 楼层（共33层）,泰然南湖玫瑰湾二期
2014年,有,商品房,随时看房,180006392,2018-07-21,258万,南北,低层 楼层（共32层）,泰然南湖玫瑰湾红玫苑
2010年,有,平层,个人产权,随时看房,180055647,2018-07-23,108万,南,中层 楼层（共14层）,泰然南湖玫瑰湾二期
2013年,有,平层,个人产权,随时看房,180618363,2018-08-08,168万,南北,中层 楼层（共30层）,泰然南湖玫瑰湾二期
2013年,无,平层,个人产权,随时看房,178003852,2018-05-25,105万,南,中层 楼层（共14层）,泰然南湖玫瑰湾红玫苑
2014年,有,商品房,随时看房,180608728,2018-08-07,268万,南北,低层 楼层（共32层）,泰然南湖玫瑰湾红玫苑
2010年,无,平层,商品房,随时看房,178665144,2018-06-12,170万,南北,低层 楼层（共30层）,泰然南湖玫瑰湾二期
2013年,有,平层,商品房,随时看房,177518281,2018-05-27,380万,南北,高层 楼层（共12层）,中建南湖壹号
2016年,无,商品房,随时看房,180126924,2018-08-08,395万,南北,高层 楼层（共18层）,中建南湖壹号
2016年,有,商品房,随时看房,179728430,2018-07-14,245万,南,中层 楼层（共34层）,中建南湖壹号
2016年,有,商品房,随时看房,179728442,2018-07-14,310万,南北,中层 楼层（共44层）,中建南湖壹号
2016年,无,平层,商品房,179878830,2018-07-18,180万,南,低层 楼层（共18层）,中建南湖壹号
2016年,无,平层,商品房,随时看房,179584473,2018-07-16,320万,南北,中层 楼层（共46层）,中建南湖壹号
2016年,无,平层,个人产权,随时看房,180060820,2018-08-03,400万,南北,中层 楼层（共34层）,中建南湖壹号
2016年,有,商品房,随时看房,180536702,2018-08-05,252万,南,低层 楼层（共46层）,中建南湖壹号
2014年,无,商品房,电话预约,180494371,2018-08-04,180万,南,低层 楼层（共34层）,清能清江锦城二期
2015年,无,平层,商品房,180534896,2018-08-05,150万,南,中层 楼层（共33层）,清能清江锦城二期
2015年,无,商品房,随时看房,180640387,2018-08-08,170万,南北,中层 楼层（共34层）,清能清江锦城二期
2015年,无,平层,个人产权,随时看房,178525865,2018-06-08,158万,南北,中层 楼层（共34层）,清能清江锦城二期
2015年,无,平层,个人产权,随时看房,179569515,2018-07-09,140万,南北,高层 楼层（共34层）,清能清江锦城二期
2015年,无,商品房,电话预约,180640668,2018-08-08,148万,南北,高层 楼层（共34层）,清能清江锦城二期
2013年,无,平层,个人产权,随时看房,180334283,2018-07-31,142万,南北,低层 楼层（共34层）,清能清江锦城二期
2015年,有,商品房,随时看房,180219060,2018-07-28,145万,南北,中层 楼层（共34层）,清能清江锦城二期
2010年,无,商品房,随时看房,179875888,2018-07-18,126万,南,中层 楼层（共11层）,城开青菱城市花园
2011年,有,个人产权,随时看房,180357325,2018-08-01,140万,南北,中层 楼层（共11层）,城开青菱城市花园
2010年,无,平层,商品房,随时看房,180579005,2018-08-07,130万,南北,高层 楼层（共11层）,城开青菱城市花园
2013年,无,商品房,180624360,2018-08-08,130万,南北,中层 楼层（共11层）,城开青菱城市花园
2010年,有,个人产权,随时看房,180441837,2018-08-03,120万,南,高层 楼层（共6层）,城开青菱城市花园
2013年,无,平层,商品房,随时看房,180117867,2018-07-25,135万,南北,高层 楼层（共11层）,城开青菱城市花园
2010年,有,个人产权,随时看房,180644700,2018-08-08,140万,南北,中层 楼层（共11层）,城开青菱城市花园
2013年,无,商品房,180624567,2018-08-08,98万,南,低层 楼层（共6层）,城开青菱城市花园
2005年,有,个人产权,随时看房,179602284,2018-07-10,137万,南北,高层 楼层（共12层）,学雅芳邻 (距2号线虎泉站约995米)
2013年,无,平层,商品房,随时看房,179848377,2018-07-20,248万,南,低层 楼层（共18层）,学雅芳邻 (距2号线虎泉站约995米)
2005年,有,平层,个人产权,随时看房,174458710,2018-08-08,245万,南北,高层 楼层（共18层）,学雅芳邻 (距2号线虎泉站约995米)
2005年,有,平层,个人产权,随时看房,177213008,2018-08-08,300万,南北,低层 楼层（共18层）,学雅芳邻 (距2号线虎泉站约995米)
2005年,有,平层,个人产权,随时看房,180048475,2018-07-23,242万,南北,高层 楼层（共18层）,学雅芳邻 (距2号线虎泉站约995米)
2005年,有,平层,个人产权,随时看房,180503138,2018-08-05,148万,南,高层 楼层（共12层）,学雅芳邻 (距2号线虎泉站约995米)
2010年,有,个人产权,随时看房,180640044,2018-08-08,150万,南,低层 楼层（共12层）,学雅芳邻 (距2号线虎泉站约995米)
2005年,有,平层,个人产权,随时看房,176141750,2018-08-08,150万,南北,低层 楼层（共12层）,学雅芳邻 (距2号线虎泉站约995米)
2016年,有,自供暖,平层,个人产权,随时看房,179617910,2018-07-11,400万,南北,中层 楼层（共30层）,东湖楚天府 (距2号线广埠屯站约877米)
2013年,无,自供暖,平层,商品房,随时看房,180638373,2018-08-08,119万,南,低层 楼层（共26层）,东湖楚天府 (距2号线广埠屯站约877米)
2016年,有,自供暖,平层,商品房,随时看房,179091207,2018-08-08,105万,南,中层 楼层（共26层）,东湖楚天府 (距2号线广埠屯站约877米)
2017年,无,自供暖,平层,商品房,随时看房,180260941,2018-07-29,123万,南,中层 楼层（共35层）,东湖楚天府 (距2号线广埠屯站约877米)
2013年,无,自供暖,平层,商品房,随时看房,180599581,2018-08-07,109万,南北,中层 楼层（共35层）,东湖楚天府 (距2号线广埠屯站约877米)
2016年,有,自供暖,平层,商品房,随时看房,179944918,2018-08-08,103万,南,低层 楼层（共26层）,东湖楚天府 (距2号线广埠屯站约877米)
2016年,有,自供暖,平层,个人产权,随时看房,180053698,2018-07-23,360万,南北,低层 楼层（共30层）,东湖楚天府 (距2号线广埠屯站约877米)
2016年,有,自供暖,平层,商品房,随时看房,180039059,2018-08-03,118万,暂无,中层 楼层（共35层）,东湖楚天府 (距2号线广埠屯站约877米)
2006年,有,平层,个人产权,随时看房,179326752,2018-07-01,200万,南北,中层 楼层（共13层）,狮城名居
2002年,有,平层,个人产权,随时看房,179972592,2018-07-21,310万,南北,中层 楼层（共16层）,狮城名居
2002年,无,平层,商品房,随时看房,177953033,2018-05-27,200万,南,低层 楼层（共12层）,狮城名居
2013年,无,平层,商品房,随时看房,177982671,2018-05-26,260万,南北,高层 楼层（共12层）,狮城名居
2002年,有,平层,商品房,随时看房,179707150,2018-07-14,260万,南北,高层 楼层（共16层）,狮城名居
2002年,有,错层,个人产权,随时看房,175084377,2018-08-08,330万,南北,低层 楼层（共12层）,狮城名居
2002年,有,平层,商品房,随时看房,178766749,2018-06-14,228万,南北,高层 楼层（共16层）,狮城名居
2002年,无,平层,商品房,180007961,2018-07-21,330万,南北,中层 楼层（共13层）,狮城名居
2006年,无,平层,个人产权,随时看房,180071456,2018-07-28,101万,南北,低层 楼层（共22层）,明泽丽湾
2006年,有,平层,个人产权,随时看房,180414067,2018-08-02,182万,南北,高层 楼层（共27层）,明泽丽湾
2005年,有,个人产权,随时看房,180175498,2018-07-26,110万,南,高层 楼层（共23层）,明泽丽湾
2005年,无,平层,商品房,电话预约,179511216,2018-07-07,255万,东南,低层 楼层（共26层）,明泽丽湾
2005年,有,商品房,电话预约,176422443,2018-08-06,265万,南北,高层 楼层（共22层）,明泽丽湾
2006年,有,商品房,随时看房,180457383,2018-08-03,225万,南北,中层 楼层（共26层）,明泽丽湾
2005年,有,商品房,电话预约,179957760,2018-07-20,200万,南北,中层 楼层（共22层）,明泽丽湾
2005年,有,商品房,随时看房,179702919,2018-07-23,170万,南北,高层 楼层（共26层）,明泽丽湾
2005年,无,平层,商品房,177475667,2018-05-12,180万,北,低层 楼层（共12层）,绿汀雅境
2005年,有,平层,个人产权,随时看房,178883847,2018-06-18,200万,南北,高层 楼层（共12层）,绿汀雅境
2005年,有,平层,个人产权,随时看房,178870035,2018-08-06,135万,北,高层 楼层（共18层）,绿汀雅境
2005年,有,平层,个人产权,随时看房,176330721,2018-08-08,116万,南,中层 楼层（共18层）,绿汀雅境
2010年,有,个人产权,随时看房,180492580,2018-08-04,105万,北,低层 楼层（共18层）,绿汀雅境
2013年,无,平层,商品房,随时看房,178290585,2018-06-01,232万,南北,中层 楼层（共18层）,绿汀雅境
2005年,无,平层,个人产权,随时看房,179845870,2018-07-18,240万,南北,高层 楼层（共12层）,绿汀雅境
2005年,无,平层,个人产权,随时看房,180611443,2018-08-08,111万,南,高层 楼层（共18层）,绿汀雅境
2015年,有,平层,商品房,随时看房,179023105,2018-06-22,195万,南北,中层 楼层（共8层）,融科花满庭
2015年,有,平层,商品房,随时看房,179027836,2018-06-22,128万,南北,中层 楼层（共8层）,融科花满庭
2015年,有,平层,个人产权,随时看房,178730864,2018-06-30,180万,南北,中层 楼层（共8层）,融科花满庭
2015年,有,平层,个人产权,随时看房,179116393,2018-07-27,200万,暂无,中层 楼层（共8层）,融科花满庭
2015年,有,平层,商品房,随时看房,179348383,2018-07-02,209万,南北,高层 楼层（共8层）,融科花满庭
2015年,有,平层,个人产权,随时看房,177902169,2018-05-23,150万,南北,低层 楼层（共7层）,融科花满庭
2015年,有,平层,商品房,随时看房,179817593,2018-07-17,145万,南北,高层 楼层（共8层）,融科花满庭
2015年,无,平层,个人产权,随时看房,180548592,2018-08-06,140万,南北,低层 楼层（共8层）,融科花满庭
2013年,无,平层,个人产权,随时看房,179937498,2018-07-20,120万,南北,低层 楼层（共34层）,华润紫云府
2015年,无,商品房,随时看房,180375886,2018-08-01,155万,南北,低层 楼层（共61层）,华润紫云府
2015年,无,商品房,电话预约,180054194,2018-07-23,200万,南北,中层 楼层（共34层）,华润紫云府
2015年,有,个人产权,随时看房,179932345,2018-08-01,205万,南北,低层 楼层（共34层）,华润紫云府
2000年,有,个人产权,随时看房,179930798,2018-08-01,152万,南,低层 楼层（共34层）,华润紫云府
2015年,有,平层,商品房,随时看房,179949077,2018-07-20,220万,南北,高层 楼层（共34层）,华润紫云府
2015年,无,平层,个人产权,随时看房,180610848,2018-08-08,125万,南北,高层 楼层（共34层）,华润紫云府
2015年,有,平层,个人产权,随时看房,179280604,2018-06-30,129万,南北,中层 楼层（共34层）,华润紫云府
2011年,有,商品房,随时看房,180636700,2018-08-08,190万,南北,高层 楼层（共32层）,金地西岸故事
2011年,有,平层,个人产权,随时看房,169757555,2018-05-18,163万,暂无,低层 楼层（共32层）,金地西岸故事
2011年,无,平层,商品房,随时看房,180404726,2018-08-02,180万,南,低层 楼层（共33层）,金地西岸故事
2011年,有,平层,个人产权,随时看房,179595405,2018-07-10,175万,西南,中层 楼层（共34层）,金地西岸故事
2011年,有,平层,个人产权,随时看房,177783858,2018-05-20,176万,南,低层 楼层（共33层）,金地西岸故事
2011年,无,平层,个人产权,随时看房,180627515,2018-08-08,200万,南,中层 楼层（共33层）,金地西岸故事
2012年,无,平层,个人产权,随时看房,179673701,2018-07-13,179万,南,高层 楼层（共33层）,金地西岸故事
2011年,无,商品房,电话预约,179799753,2018-07-17,283万,南北,高层 楼层（共33层）,金地西岸故事
2011年,无,商品房,电话预约,180618027,2018-08-08,158万,南北,高层 楼层（共11层）,万象新城
2011年,有,平层,个人产权,随时看房,179336727,2018-07-02,118万,南北,高层 楼层（共18层）,万象新城
2012年,无,平层,个人产权,随时看房,178532501,2018-07-17,152万,南北,高层 楼层（共6层）,万象新城
2011年,无,平层,经济适用房,随时看房,180531924,2018-08-05,140万,南,低层 楼层（共6层）,万象新城
2011年,有,平层,商品房,随时看房,179932318,2018-07-25,140万,南北,低层 楼层（共19层）,万象新城
2011年,无,个人产权,177625768,2018-05-30,130万,南北,低层 楼层（共11层）,万象新城
2011年,无,商品房,180644059,2018-08-08,145万,南,低层 楼层（共11层）,万象新城
2011年,有,平层,个人产权,随时看房,179706539,2018-07-14,145万,南北,低层 楼层（共11层）,万象新城
2001年,无,平层,个人产权,随时看房,180621879,2018-08-08,370万,南北,高层 楼层（共6层）,张家湾小区
2004年,无,商品房,180302977,2018-07-30,490万,南北,中层 楼层（共15层）,张家湾小区
2000年,无,平层,个人产权,随时看房,180617638,2018-08-08,370万,南,中层 楼层（共6层）,张家湾小区
2018年,无,平层,个人产权,随时看房,180615781,2018-08-08,400万,南,高层 楼层（共8层）,张家湾小区
2000年,有,平层,个人产权,随时看房,179635563,2018-07-11,400万,南北,中层 楼层（共15层）,张家湾小区
1995年,无,平层,个人产权,随时看房,179651267,2018-07-12,450万,南北,中层 楼层（共6层）,张家湾小区
2018年,无,平层,个人产权,随时看房,179094131,2018-06-24,400万,南北,低层 楼层（共15层）,张家湾小区
1998年,无,平层,商品房,随时看房,180097586,2018-07-24,415万,南北,高层 楼层（共7层）,张家湾小区
2014年,有,平层,个人产权,随时看房,179629829,2018-07-11,160万,南北,低层 楼层（共34层）,佳兆业金域天下二期
2000年,有,个人产权,随时看房,179356357,2018-07-17,138万,南北,低层 楼层（共34层）,佳兆业金域天下二期
2014年,无,平层,商品房,电话预约,180160003,2018-07-26,190万,南北,高层 楼层（共34层）,佳兆业金域天下二期
2014年,无,商品房,174404392,2018-08-02,135万,南,高层 楼层（共22层）,佳兆业金域天下二期
2014年,有,平层,商品房,随时看房,180336274,2018-07-31,200万,南北,高层 楼层（共34层）,佳兆业金域天下二期
2014年,有,平层,个人产权,随时看房,180621271,2018-08-08,195万,南北,高层 楼层（共34层）,佳兆业金域天下二期
2013年,无,平层,商品房,随时看房,179980879,2018-07-21,210万,南,低层 楼层（共34层）,佳兆业金域天下二期
2014年,有,平层,个人产权,随时看房,180621171,2018-08-08,190万,南北,低层 楼层（共34层）,佳兆业金域天下二期
无,平层,个人产权,随时看房,179939311,2018-07-20,105万,暂无,低层 楼层（共6层）,青润家园
1995年,无,个人产权,174404397,2018-08-02,130万,南北,高层 楼层（共11层）,青润家园
2008年,无,平层,商品房,随时看房,180487189,2018-08-06,130万,南,中层 楼层（共11层）,青润家园
2010年,有,平层,商品房,随时看房,180539673,2018-08-05,120万,南,中层 楼层（共11层）,青润家园
2013年,无,平层,个人产权,随时看房,180604150,2018-08-07,128万,南北,中层 楼层（共11层）,青润家园
2010年,有,平层,个人产权,随时看房,179374262,2018-07-03,140万,南北,中层 楼层（共11层）,青润家园
2000年,无,平层,个人产权,随时看房,179090779,2018-08-07,105万,南北,低层 楼层（共6层）,青润家园
2010年,有,个人产权,随时看房,180637549,2018-08-08,125万,南,中层 楼层（共11层）,青润家园
2018年,有,平层,个人产权,随时看房,180605730,2018-08-08,160万,南北,中层 楼层（共33层）,世茂云锦樱海园
2016年,有,平层,商品房,随时看房,180609777,2018-08-08,148万,南北,低层 楼层（共34层）,世茂云锦樱海园
2017年,有,商品房,电话预约,180601300,2018-08-08,186万,南北,中层 楼层（共34层）,世茂云锦樱海园
2018年,有,平层,个人产权,随时看房,180623976,2018-08-08,192万,南北,低层 楼层（共33层）,世茂云锦樱海园
2018年,有,平层,个人产权,随时看房,180625303,2018-08-08,183万,南北,中层 楼层（共34层）,世茂云锦樱海园
2016年,有,商品房,随时看房,179735113,2018-07-14,192万,南北,中层 楼层（共34层）,世茂云锦樱海园
2016年,有,个人产权,随时看房,180166707,2018-07-26,148万,南北,高层 楼层（共32层）,世茂云锦樱海园
2016年,无,商品房,电话预约,180606086,2018-08-08,160万,南北,高层 楼层（共34层）,世茂云锦樱海园
2015年,有,平层,个人产权,随时看房,180610755,2018-08-08,120万,南,中层 楼层（共34层）,华润紫云府二期
2016年,有,商品房,180625012,2018-08-08,177万,南北,低层 楼层（共34层）,华润紫云府二期
2014年,有,个人产权,随时看房,180622432,2018-08-08,133万,南,高层 楼层（共34层）,华润紫云府二期
2015年,有,平层,商品房,随时看房,179223197,2018-06-28,156万,南,低层 楼层（共34层）,华润紫云府二期
2015年,无,平层,个人产权,随时看房,178765563,2018-07-17,140万,南北,中层 楼层（共33层）,华润紫云府二期
2013年,有,个人产权,随时看房,180643487,2018-08-08,153万,南,中层 楼层（共34层）,华润紫云府二期
2014年,无,平层,商品房,随时看房,178760628,2018-06-14,130万,西北,中层 楼层（共31层）,华润紫云府二期
2000年,有,个人产权,随时看房,180358822,2018-08-01,208万,南,低层 楼层（共34层）,华润紫云府二期
2006年,有,商品房,180532618,2018-08-05,268万,南北,高层 楼层（共17层）,澜花语岸
2010年,无,平层,商品房,随时看房,179045715,2018-06-23,379万,南北,高层 楼层（共16层）,澜花语岸
2006年,有,平层,个人产权,随时看房,179300517,2018-07-01,68万,南,高层 楼层（共11层）,澜花语岸
2006年,有,商品房,随时看房,180457256,2018-08-03,65万,南北,高层 楼层（共11层）,澜花语岸
2006年,无,平层,个人产权,随时看房,180500326,2018-08-04,265万,南北,中层 楼层（共17层）,澜花语岸
2012年,有,平层,个人产权,随时看房,180199651,2018-08-05,258万,南北,中层 楼层（共17层）,澜花语岸
2007年,无,平层,商品房,随时看房,179924105,2018-08-02,230万,南北,中层 楼层（共17层）,澜花语岸
2006年,无,平层,商品房,随时看房,179128493,2018-06-25,185万,南,高层 楼层（共12层）,澜花语岸
2013年,无,平层,商品房,随时看房,178631219,2018-07-04,136万,南北,中层 楼层（共33层）,板桥小区
2017年,无,平层,商品房,随时看房,178335151,2018-06-03,99万,南北,低层 楼层（共33层）,板桥小区
2013年,无,平层,商品房,随时看房,179938356,2018-07-20,135万,南北,中层 楼层（共31层）,板桥小区
2013年,无,平层,商品房,随时看房,180640623,2018-08-08,99万,南北,中层 楼层（共30层）,板桥小区
2016年,有,平层,个人产权,随时看房,178226083,2018-05-31,107万,南北,中层 楼层（共33层）,板桥小区
2016年,有,平层,商品房,随时看房,180606755,2018-08-08,135万,南北,高层 楼层（共33层）,板桥小区
2002年,无,平层,个人产权,180641692,2018-08-08,82万,南北,低层 楼层（共30层）,板桥小区
2013年,无,平层,商品房,随时看房,180167157,2018-08-08,125万,南北,低层 楼层（共33层）,板桥小区
2013年,无,平层,个人产权,随时看房,179109742,2018-07-17,100万,南北,高层 楼层（共32层）,波光霞影
2011年,无,平层,商品房,随时看房,179857623,2018-07-18,78万,南北,中层 楼层（共18层）,波光霞影
2013年,有,个人产权,随时看房,180636707,2018-08-08,108万,南北,中层 楼层（共12层）,波光霞影
2010年,无,平层,个人产权,随时看房,178820125,2018-07-17,95万,南北,中层 楼层（共33层）,波光霞影
1992年,无,平层,个人产权,随时看房,179529813,2018-07-08,88万,西北,中层 楼层（共18层）,波光霞影
1992年,有,复式,个人产权,随时看房,179530189,2018-07-08,85万,南北,中层 楼层（共33层）,波光霞影
2011年,有,个人产权,随时看房,180303180,2018-07-30,78万,南,低层 楼层（共25层）,波光霞影
2011年,有,平层,个人产权,随时看房,179721257,2018-07-14,99万,南北,低层 楼层（共18层）,波光霞影二期
2006年,有,平层,个人产权,随时看房,174639279,2018-07-19,124万,北,中层 楼层（共13层）,狮城风华新都
2013年,无,平层,商品房,随时看房,178062107,2018-05-28,198万,南北,中层 楼层（共18层）,狮城风华新都
2006年,有,平层,商品房,随时看房,180470205,2018-08-06,280万,南,高层 楼层（共13层）,狮城风华新都
2006年,有,商品房,随时看房,180467567,2018-08-06,270万,东南,低层 楼层（共13层）,狮城风华新都
2006年,有,平层,个人产权,随时看房,180039424,2018-07-29,257万,南北,高层 楼层（共8层）,狮城风华新都
2006年,无,平层,商品房,随时看房,178833067,2018-06-16,200万,南北,中层 楼层（共13层）,狮城风华新都
2006年,有,开间,个人产权,179976986,2018-07-21,265万,南北,中层 楼层（共11层）,狮城风华新都
2006年,有,平层,个人产权,随时看房,177500168,2018-08-08,205万,南北,高层 楼层（共12层）,狮城风华新都
2013年,无,平层,商品房,随时看房,180639845,2018-08-08,158万,南北,中层 楼层（共7层）,卓刀泉教师小区 (距2号线虎泉站约90米)
2000年,无,平层,商品房,随时看房,180313573,2018-07-30,180万,南北,高层 楼层（共8层）,卓刀泉教师小区 (距2号线虎泉站约90米)
1997年,无,平层,个人产权,随时看房,180629666,2018-08-08,218万,南北,中层 楼层（共7层）,金昌花苑 (距2号线虎泉站约90米)
2013年,无,平层,商品房,随时看房,179231048,2018-07-06,215万,南北,高层 楼层（共8层）,金昌花苑 (距2号线虎泉站约90米)
1997年,有,平层,商品房,随时看房,177296538,2018-08-08,200万,南北,高层 楼层（共8层）,金昌花苑 (距2号线虎泉站约90米)
2000年,无,平层,商品房,电话预约,179191548,2018-06-27,250万,南北,低层 楼层（共7层）,金昌花苑 (距2号线虎泉站约90米)
1997年,无,平层,个人产权,随时看房,178998656,2018-07-19,149万,南,中层 楼层（共7层）,卓刀泉教师小区 (距2号线虎泉站约90米)
2013年,无,平层,商品房,随时看房,180642552,2018-08-08,220万,南北,高层 楼层（共7层）,金昌花苑 (距2号线虎泉站约90米)
2011年,无,平层,个人产权,随时看房,180617935,2018-08-08,138万,南北,高层 楼层（共11层）,城开青菱城市花园二期
2010年,无,商品房,180619110,2018-08-08,136万,南,中层 楼层（共11层）,城开青菱城市花园二期
2010年,有,商品房,电话预约,180601325,2018-08-08,134万,南北,低层 楼层（共11层）,城开青菱城市花园二期
2010年,有,商品房,180602995,2018-08-07,122万,南北,高层 楼层（共11层）,城开青菱城市花园二期
2000年,有,个人产权,随时看房,180358525,2018-08-01,120万,南北,低层 楼层（共11层）,城开青菱城市花园二期
2011年,无,平层,个人产权,随时看房,179493180,2018-07-07,113万,南,中层 楼层（共11层）,城开青菱城市花园二期
2009年,无,平层,个人产权,随时看房,180615335,2018-08-08,130万,南北,中层 楼层（共11层）,城开青菱城市花园二期
2010年,无,商品房,179576456,2018-07-09,135万,南北,高层 楼层（共11层）,城开青菱城市花园二期
2013年,有,平层,个人产权,随时看房,180189097,2018-07-27,110万,南北,中层 楼层（共24层）,湘龙鑫城二期
2014年,无,平层,商品房,随时看房,178743410,2018-06-14,105万,南,中层 楼层（共24层）,湘龙鑫城二期
2012年,无,平层,经济适用房,随时看房,180104545,2018-07-24,145万,南北,高层 楼层（共24层）,湘龙鑫城二期
2010年,有,平层,个人产权,随时看房,179358363,2018-07-02,148万,南北,中层 楼层（共16层）,湘龙鑫城二期
2013年,有,平层,个人产权,随时看房,178184871,2018-05-30,95万,南北,低层 楼层（共18层）,湘龙鑫城二期
2013年,无,平层,个人产权,随时看房,180472790,2018-08-04,147万,南北,高层 楼层（共24层）,湘龙鑫城二期
2012年,有,个人产权,随时看房,179484628,2018-07-08,122万,南北,高层 楼层（共24层）,湘龙鑫城二期
2010年,有,平层,商品房,随时看房,180539892,2018-08-05,103万,南北,高层 楼层（共22层）,湘龙鑫城二期
2016年,有,平层,个人产权,随时看房,180285478,2018-07-30,285万,南北,高层 楼层（共32层）,中建福地星城
2016年,无,平层,商品房,180364309,2018-08-01,315万,南北,低层 楼层（共32层）,中建福地星城
2016年,有,平层,个人产权,随时看房,177974447,2018-05-24,165万,南北,中层 楼层（共32层）,中建福地星城
2016年,无,平层,商品房,随时看房,178894511,2018-06-18,302万,南北,中层 楼层（共32层）,中建福地星城
2016年,无,平层,商品房,179926849,2018-07-20,200万,南,低层 楼层（共32层）,中建福地星城
2016年,无,平层,商品房,电话预约,180307703,2018-07-30,160万,南,中层 楼层（共31层）,中建福地星城
2016年,无,商品房,180644388,2018-08-08,200万,南北,中层 楼层（共33层）,中建福地星城
2016年,无,商品房,电话预约,180243131,2018-08-08,225万,南北,高层 楼层（共32层）,中建福地星城
2007年,无,商品房,180399446,2018-08-02,235万,南北,中层 楼层（共11层）,南湖山庄三期
2007年,有,平层,商品房,随时看房,178824910,2018-06-16,155万,东北,低层 楼层（共11层）,南湖山庄三期
2002年,有,商品房,随时看房,180006364,2018-07-21,265万,南北,低层 楼层（共11层）,南湖山庄三期
2007年,无,平层,商品房,随时看房,180533655,2018-08-05,153万,南,中层 楼层（共11层）,南湖山庄三期
2007年,有,平层,个人产权,随时看房,179059310,2018-06-23,475万,南北,高层 楼层（共11层）,南湖山庄三期
2007年,有,复式,商品房,随时看房,179694713,2018-08-03,475万,西南,高层 楼层（共11层）,南湖山庄三期
2007年,无,平层,个人产权,随时看房,174376247,2018-07-20,285万,南北,高层 楼层（共4层）,南湖山庄三期
2007年,无,平层,商品房,随时看房,179774212,2018-07-16,190万,南北,中层 楼层（共6层）,南湖山庄三期
2010年,有,平层,个人产权,随时看房,178475190,2018-06-07,126万,南北,低层 楼层（共11层）,鑫宇花园
2012年,有,个人产权,随时看房,180240757,2018-07-28,110万,南北,低层 楼层（共11层）,鑫宇花园
2010年,无,平层,个人产权,随时看房,178567016,2018-06-09,145万,南北,中层 楼层（共11层）,鑫宇花园
2010年,有,商品房,电话预约,180580487,2018-08-07,120万,南北,高层 楼层（共11层）,鑫宇花园
2010年,有,平层,个人产权,随时看房,177888940,2018-05-22,150万,南北,低层 楼层（共11层）,鑫宇花园
2010年,无,平层,商品房,电话预约,179763871,2018-07-15,135万,南北,高层 楼层（共11层）,鑫宇花园
2008年,无,平层,商品房,随时看房,179864670,2018-07-18,125万,南北,高层 楼层（共11层）,鑫宇花园
2010年,有,平层,商品房,随时看房,180226779,2018-07-28,125万,南北,中层 楼层（共11层）,鑫宇花园
2014年,有,个人产权,随时看房,180602703,2018-08-07,82万,南北,低层 楼层（共26层）,彩虹郡
2017年,无,平层,商品房,随时看房,180047232,2018-07-23,75万,南,高层 楼层（共18层）,彩虹郡
2016年,无,平层,商品房,随时看房,179874164,2018-07-18,100万,南北,中层 楼层（共24层）,彩虹郡
2015年,无,平层,商品房,随时看房,180047364,2018-07-23,75万,南,中层 楼层（共33层）,彩虹郡
2015年,无,平层,商品房,随时看房,180163435,2018-07-29,68万,南,低层 楼层（共32层）,彩虹郡
2015年,有,平层,个人产权,随时看房,179246499,2018-06-29,100万,南北,低层 楼层（共26层）,彩虹郡
2014年,无,平层,商品房,随时看房,179856871,2018-07-18,105万,南北,高层 楼层（共16层）,彩虹郡
2016年,无,平层,商品房,随时看房,179855045,2018-07-18,105万,南北,低层 楼层（共26层）,彩虹郡
2011年,无,商品房,电话预约,179694674,2018-07-13,160万,北,高层 楼层（共18层）,国海瑞湖天地
2012年,无,平层,商品房,180645343,2018-08-08,135万,南,中层 楼层（共33层）,国海瑞湖天地
2014年,无,商品房,180628816,2018-08-08,165万,南,高层 楼层（共33层）,国海瑞湖天地
2011年,有,商品房,随时看房,180639507,2018-08-08,168万,南北,中层 楼层（共33层）,国海瑞湖天地
2014年,有,个人产权,随时看房,180619830,2018-08-08,160万,南,低层 楼层（共18层）,国海瑞湖天地
2013年,有,平层,商品房,随时看房,180399575,2018-08-08,136万,南,高层 楼层（共30层）,国海瑞湖天地
2014年,无,商品房,180633302,2018-08-08,151万,南北,高层 楼层（共18层）,国海瑞湖天地
2011年,有,平层,个人产权,随时看房,175082240,2018-06-18,160万,南北,中层 楼层（共33层）,国海瑞湖天地
2013年,无,平层,商品房,随时看房,180633548,2018-08-08,190万,南北,中层 楼层（共7层）,武汉大学珞桂教师小区 (距2号线虎泉站约1152米)
2013年,无,平层,商品房,随时看房,178654403,2018-07-07,180万,南北,中层 楼层（共7层）,武汉大学珞桂教师小区 (距2号线虎泉站约1152米)
2002年,有,平层,个人产权,随时看房,174902031,2018-08-08,193万,南北,高层 楼层（共7层）,珞桂小区 (距2号线虎泉站约1152米)
2004年,无,平层,个人产权,随时看房,180533401,2018-08-08,220万,南北,高层 楼层（共7层）,武汉大学珞桂教师小区 (距2号线虎泉站约1152米)
2002年,有,平层,个人产权,随时看房,176393785,2018-08-08,185万,南北,高层 楼层（共7层）,珞桂小区 (距2号线虎泉站约1152米)
2002年,无,平层,个人产权,随时看房,180629637,2018-08-08,210万,南北,中层 楼层（共7层）,珞桂小区 (距2号线虎泉站约1152米)
2002年,无,商品房,179920931,2018-07-19,230万,南,高层 楼层（共7层）,珞桂小区 (距2号线虎泉站约1152米)
2013年,无,平层,商品房,随时看房,180639702,2018-08-08,270万,南,中层 楼层（共12层）,武汉大学珞桂教师小区 (距2号线虎泉站约1152米)
2014年,有,个人产权,随时看房,180167361,2018-07-26,100万,南,低层 楼层（共11层）,天地源城际花园
2012年,有,平层,个人产权,随时看房,179030830,2018-06-22,152万,南,低层 楼层（共11层）,天地源城际花园
2013年,无,平层,个人产权,随时看房,180143779,2018-07-30,103万,南北,低层 楼层（共11层）,天地源城际花园
2013年,有,个人产权,随时看房,180166914,2018-07-26,110万,南北,低层 楼层（共11层）,天地源城际花园
2013年,有,个人产权,随时看房,180167575,2018-07-26,153万,南北,中层 楼层（共11层）,天地源城际花园
2012年,无,平层,个人产权,随时看房,179642677,2018-07-14,106万,南北,高层 楼层（共11层）,天地源城际花园
2012年,无,商品房,180489030,2018-08-04,105万,南,中层 楼层（共11层）,天地源城际花园
2013年,无,平层,商品房,电话预约,179940460,2018-08-08,108万,南,高层 楼层（共11层）,天地源城际花园
2014年,有,平层,个人产权,随时看房,179374636,2018-07-03,260万,南北,中层 楼层（共32层）,珞珈雅苑
2014年,无,平层,个人产权,随时看房,178763092,2018-06-14,265万,南,中层 楼层（共31层）,珞珈雅苑
2010年,有,商品房,随时看房,179791326,2018-08-07,188万,南北,低层 楼层（共30层）,珞珈雅苑
2010年,有,商品房,随时看房,180381756,2018-08-07,255万,南北,中层 楼层（共32层）,珞珈雅苑
2013年,有,商品房,电话预约,176422430,2018-08-08,180万,南北,中层 楼层（共32层）,珞珈雅苑
2016年,无,商品房,180640419,2018-08-08,220万,南北,低层 楼层（共31层）,珞珈雅苑
2014年,无,平层,个人产权,随时看房,180406535,2018-08-02,268万,南北,中层 楼层（共31层）,珞珈雅苑
2010年,有,平层,个人产权,随时看房,179733211,2018-08-08,250万,南北,高层 楼层（共30层）,珞珈雅苑
2013年,无,平层,商品房,随时看房,178020024,2018-07-07,220万,南北,中层 楼层（共7层）,桂子花园二期
2008年,有,平层,商品房,随时看房,179805199,2018-07-17,277万,南北,高层 楼层（共11层）,桂子花园二期
2004年,有,平层,商品房,随时看房,180613422,2018-08-08,185万,南北,中层 楼层（共7层）,桂子花园二期
2013年,无,平层,商品房,随时看房,179946468,2018-07-20,248万,南北,低层 楼层（共11层）,桂子花园二期
2005年,无,平层,商品房,随时看房,178179001,2018-06-20,205万,东西,中层 楼层（共11层）,桂子花园二期
2013年,无,平层,商品房,随时看房,179007516,2018-07-31,320万,南北,高层 楼层（共6层）,桂子花园二期
2013年,无,平层,商品房,随时看房,180088652,2018-07-24,195万,南北,高层 楼层（共6层）,桂子花园二期
2005年,无,平层,商品房,180633517,2018-08-08,275万,南北,低层 楼层（共11层）,桂子花园二期
2013年,无,平层,商品房,随时看房,180638561,2018-08-08,225万,南北,高层 楼层（共28层）,凯乐桂园 (距2号线虎泉站约247米)
2012年,有,平层,商品房,随时看房,178780305,2018-06-15,300万,南北,中层 楼层（共28层）,凯乐桂园 (距2号线虎泉站约247米)
2013年,无,平层,商品房,随时看房,178126786,2018-05-28,203万,南北,低层 楼层（共30层）,凯乐桂园 (距2号线虎泉站约247米)
2012年,有,平层,个人产权,随时看房,178563405,2018-07-19,300万,南北,低层 楼层（共28层）,凯乐桂园 (距2号线虎泉站约247米)
2006年,无,平层,商品房,随时看房,179872302,2018-07-20,231万,南,低层 楼层（共28层）,凯乐桂园 (距2号线虎泉站约247米)
2012年,有,平层,商品房,电话预约,179936442,2018-07-20,228万,南,高层 楼层（共28层）,凯乐桂园 (距2号线虎泉站约247米)
2013年,有,平层,商品房,随时看房,180613435,2018-08-08,210万,南,中层 楼层（共32层）,凯乐桂园 (距2号线虎泉站约247米)
2012年,有,平层,个人产权,随时看房,180425233,2018-08-03,330万,南,低层 楼层（共28层）,凯乐桂园 (距2号线虎泉站约247米)
2002年,无,平层,商品房,随时看房,179774345,2018-07-16,255万,南北,低层 楼层（共18层）,南湖雅园
2013年,有,商品房,180532601,2018-08-05,180万,南北,低层 楼层（共18层）,南湖雅园
2005年,无,平层,个人产权,随时看房,179571307,2018-07-09,240万,南,中层 楼层（共11层）,南湖雅园
2007年,有,平层,个人产权,随时看房,180321409,2018-07-31,240万,南,中层 楼层（共12层）,南湖雅园
2012年,无,平层,个人产权,随时看房,180261487,2018-07-29,221万,南北,低层 楼层（共12层）,南湖雅园
2003年,无,平层,商品房,180612927,2018-08-08,206万,南北,中层 楼层（共8层）,南湖雅园
2002年,有,商品房,随时看房,178642761,2018-06-11,206万,南北,高层 楼层（共8层）,南湖雅园
2002年,有,平层,个人产权,随时看房,179549069,2018-07-09,170万,南北,中层 楼层（共12层）,南湖雅园
2006年,有,平层,商品房,随时看房,180617563,2018-08-08,215万,南北,中层 楼层（共6层）,南湖山庄
2002年,无,平层,商品房,随时看房,178711787,2018-06-24,200万,南北,高层 楼层（共6层）,南湖山庄
2003年,有,平层,个人产权,随时看房,180057751,2018-07-23,260万,南北,高层 楼层（共11层）,南湖山庄
2007年,有,个人产权,随时看房,180442136,2018-08-03,225万,南北,低层 楼层（共6层）,南湖山庄梅荷苑
2003年,无,平层,商品房,电话预约,180620974,2018-08-08,190万,南北,低层 楼层（共6层）,南湖山庄梅荷苑
2003年,无,平层,商品房,随时看房,180319716,2018-07-31,190万,南北,低层 楼层（共6层）,南湖山庄
2003年,无,平层,个人产权,随时看房,179173407,2018-06-27,152万,南北,低层 楼层（共6层）,南湖山庄
2003年,无,复式,个人产权,随时看房,179066627,2018-06-23,248万,南北,高层 楼层（共6层）,南湖山庄
2004年,无,平层,商品房,180080222,2018-07-23,330万,南北,低层 楼层（共20层）,丽岛花园
2010年,无,商品房,电话预约,180503684,2018-08-05,290万,南北,高层 楼层（共26层）,丽岛花园
2004年,无,平层,商品房,180612918,2018-08-08,430万,南北,中层 楼层（共12层）,丽岛花园
2004年,有,个人产权,随时看房,180176673,2018-07-26,600万,东南,高层 楼层（共12层）,丽岛花园
2004年,有,平层,个人产权,随时看房,179347975,2018-07-17,330万,南北,中层 楼层（共20层）,丽岛花园
2004年,无,平层,个人产权,随时看房,180272163,2018-07-29,294万,南,高层 楼层（共1层）,丽岛花园竹园
2004年,无,商品房,180365680,2018-08-04,1000万,东,低层 楼层（共3层）,丽岛花园
2004年,无,平层,商品房,随时看房,180400509,2018-08-02,350万,南北,高层 楼层（共12层）,丽岛花园
2011年,无,平层,商品房,随时看房,180568557,2018-08-06,205万,南北,中层 楼层（共22层）,狮城翰园
2011年,有,平层,个人产权,随时看房,177429050,2018-07-29,206万,南北,中层 楼层（共12层）,狮城翰园
2013年,无,平层,商品房,随时看房,179929352,2018-07-22,295万,南北,中层 楼层（共23层）,狮城翰园
2011年,有,平层,个人产权,随时看房,178848644,2018-07-29,230万,南北,中层 楼层（共30层）,狮城翰园
2011年,有,商品房,电话预约,180614998,2018-08-08,95万,南北,高层 楼层（共17层）,狮城翰园
2011年,有,平层,个人产权,随时看房,180321680,2018-07-31,238万,南北,中层 楼层（共17层）,狮城翰园
2010年,无,平层,商品房,电话预约,177588960,2018-08-04,195万,南北,高层 楼层（共17层）,狮城翰园
2011年,有,平层,个人产权,随时看房,178645117,2018-07-20,100万,东南,中层 楼层（共17层）,狮城翰园
2005年,无,平层,商品房,随时看房,180176441,2018-07-26,152万,南北,低层 楼层（共7层）,桂子花园 (距2号线虎泉站约932米)
无,平层,个人产权,随时看房,179396247,2018-07-04,160万,南北,低层 楼层（共7层）,桂子花园 (距2号线虎泉站约932米)
2013年,无,平层,商品房,随时看房,177990378,2018-05-28,280万,南北,低层 楼层（共11层）,桂子花园 (距2号线虎泉站约932米)
2013年,无,平层,商品房,随时看房,179826339,2018-07-31,175万,南北,高层 楼层（共7层）,桂子花园 (距2号线虎泉站约932米)
2003年,无,平层,个人产权,随时看房,180423109,2018-08-03,295万,南北,高层 楼层（共7层）,桂子花园 (距2号线虎泉站约932米)
2013年,无,平层,商品房,随时看房,180634269,2018-08-08,195万,南北,中层 楼层（共7层）,桂子花园 (距2号线虎泉站约932米)
2004年,无,平层,商品房,随时看房,177829242,2018-06-17,198万,南北,低层 楼层（共7层）,桂子花园 (距2号线虎泉站约932米)
2013年,无,平层,商品房,随时看房,179518894,2018-07-08,250万,南北,中层 楼层（共7层）,桂子花园 (距2号线虎泉站约932米)
2006年,无,商品房,180469584,2018-08-04,400万,南,低层 楼层（共32层）,银海雅苑 (距2号线广埠屯站约451米)
2016年,无,平层,商品房,180571976,2018-08-06,400万,南北,中层 楼层（共35层）,银海雅苑 (距2号线广埠屯站约451米)
2006年,有,平层,个人产权,随时看房,180224232,2018-07-28,160万,南北,中层 楼层（共30层）,银海雅苑 (距2号线广埠屯站约451米)
2008年,有,平层,商品房,随时看房,179471300,2018-07-06,380万,南北,中层 楼层（共32层）,银海雅苑 (距2号线广埠屯站约451米)
2007年,有,平层,个人产权,随时看房,179948410,2018-07-20,240万,东南,中层 楼层（共33层）,银海雅苑 (距2号线广埠屯站约451米)
2007年,无,平层,商品房,随时看房,179471381,2018-07-06,390万,南北,中层 楼层（共32层）,银海雅苑 (距2号线广埠屯站约451米)
2012年,无,平层,商品房,随时看房,179684141,2018-07-23,400万,南北,中层 楼层（共32层）,银海雅苑 (距2号线广埠屯站约451米)
2008年,有,个人产权,随时看房,179797141,2018-07-17,385万,南北,中层 楼层（共32层）,银海雅苑 (距2号线广埠屯站约451米)
2006年,无,平层,商品房,随时看房,180597668,2018-08-08,225万,南北,中层 楼层（共6层）,华乐苑 (距2号线杨家湾站约696米)
2003年,无,个人产权,随时看房,180271079,2018-07-29,159万,南北,高层 楼层（共6层）,华乐苑 (距2号线杨家湾站约696米)
2000年,无,商品房,180601789,2018-08-08,175万,南,低层 楼层（共6层）,华乐苑 (距2号线杨家湾站约696米)
2001年,无,平层,商品房,随时看房,180589362,2018-08-07,137万,南北,低层 楼层（共7层）,华乐苑 (距2号线杨家湾站约696米)
1993年,无,平层,个人产权,随时看房,180167171,2018-08-03,240万,南北,低层 楼层（共6层）,华乐苑 (距2号线杨家湾站约696米)
2000年,无,平层,商品房,电话预约,179798108,2018-07-17,129万,南北,中层 楼层（共6层）,华乐苑 (距2号线杨家湾站约696米)
1993年,无,平层,个人产权,随时看房,179068389,2018-08-04,175万,南北,高层 楼层（共6层）,华乐苑 (距2号线杨家湾站约696米)
2004年,无,平层,商品房,随时看房,180630895,2018-08-08,230万,南北,高层 楼层（共6层）,华乐苑 (距2号线杨家湾站约696米)
2008年,无,商品房,电话预约,180602011,2018-08-07,155万,南北,中层 楼层（共32层）,御景名门
2008年,无,平层,商品房,179585069,2018-07-10,245万,南北,高层 楼层（共32层）,御景名门
2008年,无,平层,商品房,180502057,2018-08-04,73万,南,高层 楼层（共32层）,御景名门
2008年,有,平层,商品房,电话预约,178643434,2018-06-11,160万,南北,中层 楼层（共32层）,御景名门
2008年,有,平层,商品房,随时看房,179965136,2018-07-30,80万,南北,高层 楼层（共32层）,御景名门
2008年,无,平层,商品房,180637505,2018-08-08,78万,西,低层 楼层（共33层）,御景名门
2008年,无,平层,商品房,180007936,2018-07-21,220万,南北,低层 楼层（共32层）,御景名门
2008年,有,平层,商品房,随时看房,178786401,2018-06-15,246万,暂无,高层 楼层（共33层）,御景名门
2008年,无,个人产权,随时看房,180300095,2018-07-31,158万,南,低层 楼层（共16层）,保利浅水湾
2007年,无,平层,个人产权,随时看房,174484575,2018-08-08,165万,南北,低层 楼层（共18层）,保利浅水湾
2007年,有,平层,个人产权,随时看房,179585175,2018-07-10,160万,南,中层 楼层（共18层）,保利浅水湾
2007年,无,平层,个人产权,随时看房,177962118,2018-06-20,230万,南北,中层 楼层（共26层）,保利浅水湾
2010年,有,个人产权,随时看房,180045714,2018-07-23,170万,南,低层 楼层（共16层）,保利浅水湾
2007年,有,平层,个人产权,随时看房,174427821,2018-08-08,185万,南北,低层 楼层（共11层）,保利浅水湾
2007年,有,平层,商品房,随时看房,180613544,2018-08-08,275万,南北,低层 楼层（共16层）,保利浅水湾
2007年,有,个人产权,随时看房,179273768,2018-06-30,150万,南北,低层 楼层（共11层）,保利浅水湾
2008年,无,平层,商品房,随时看房,180069746,2018-07-24,330万,南北,低层 楼层（共11层）,华大家园
2008年,有,商品房,180577491,2018-08-07,340万,南北,中层 楼层（共11层）,华大家园
2008年,无,平层,个人产权,随时看房,180642088,2018-08-08,380万,南北,中层 楼层（共11层）,华大家园
2008年,有,平层,个人产权,随时看房,172243221,2018-06-25,245万,南北,高层 楼层（共11层）,华大家园
2008年,无,平层,个人产权,随时看房,180621821,2018-08-08,260万,南北,低层 楼层（共25层）,华大家园
2013年,无,平层,商品房,随时看房,179969215,2018-07-23,320万,南北,高层 楼层（共18层）,华大家园
2008年,无,商品房,随时看房,180544730,2018-08-06,258万,南北,高层 楼层（共11层）,华大家园
2018年,无,平层,个人产权,随时看房,180643502,2018-08-08,400万,南北,高层 楼层（共11层）,华大家园
2015年,无,商品房,电话预约,180640574,2018-08-08,170万,南北,高层 楼层（共34层）,佳兆业金域天下三期
2015年,有,平层,个人产权,随时看房,179934467,2018-07-20,155万,南,中层 楼层（共34层）,佳兆业金域天下三期
2015年,无,商品房,电话预约,180582523,2018-08-07,158万,南北,高层 楼层（共34层）,佳兆业金域天下三期
2013年,无,平层,商品房,随时看房,180169872,2018-07-27,230万,南北,高层 楼层（共34层）,佳兆业金域天下三期
2016年,有,个人产权,随时看房,180167558,2018-07-26,160万,南北,高层 楼层（共33层）,佳兆业金域天下三期
2015年,有,平层,商品房,随时看房,179186156,2018-06-27,137万,南,中层 楼层（共34层）,佳兆业金域天下三期
2015年,有,平层,商品房,随时看房,180602812,2018-08-07,160万,南北,低层 楼层（共34层）,佳兆业金域天下三期
2016年,无,商品房,179946235,2018-07-20,175万,南北,低层 楼层（共34层）,佳兆业金域天下三期
2016年,有,商品房,180540811,2018-08-06,80万,南,中层 楼层（共21层）,天下龙岭广场 (距2号线宝通寺站约1182米)
2016年,无,商品房,180271552,2018-07-29,215万,南,高层 楼层（共29层）,天下龙岭广场 (距2号线宝通寺站约1182米)
2016年,无,商品房,180625265,2018-08-08,85万,南北,低层 楼层（共19层）,天下龙岭广场 (距2号线宝通寺站约1182米)
2013年,无,平层,商品房,随时看房,180641739,2018-08-08,93万,南北,中层 楼层（共21层）,天下龙岭广场 (距2号线宝通寺站约1182米)
2015年,有,商品房,180641496,2018-08-08,85万,南北,中层 楼层（共22层）,天下龙岭广场 (距2号线宝通寺站约1182米)
2016年,无,商品房,随时看房,180602157,2018-08-07,195万,南北,中层 楼层（共29层）,天下龙岭广场 (距2号线宝通寺站约1182米)
2016年,无,商品房,随时看房,180611832,2018-08-08,165万,南北,低层 楼层（共28层）,天下龙岭广场 (距2号线宝通寺站约1182米)
2016年,无,商品房,电话预约,180606235,2018-08-07,154万,南北,高层 楼层（共19层）,天下龙岭广场 (距2号线宝通寺站约1182米)
2005年,无,平层,个人产权,随时看房,179969597,2018-07-21,265万,暂无,低层 楼层（共6层）,半岛花园
2005年,无,平层,个人产权,随时看房,180471347,2018-08-04,420万,南北,低层 楼层（共6层）,半岛花园
2005年,无,商品房,180133893,2018-07-25,208万,东南,高层 楼层（共6层）,半岛花园
2005年,无,商品房,随时看房,179659915,2018-07-31,235万,南,高层 楼层（共11层）,半岛花园
2005年,无,平层,商品房,电话预约,178211236,2018-07-23,450万,南,高层 楼层（共4层）,半岛花园
2005年,无,商品房,180134310,2018-07-25,260万,南北,高层 楼层（共10层）,半岛花园
2005年,无,商品房,180119161,2018-07-25,2000万,东,低层 楼层（共3层）,半岛花园
2006年,无,商品房,180436664,2018-08-06,680万,南北,低层 楼层（共3层）,半岛花园
2004年,有,平层,商品房,随时看房,178950007,2018-06-20,120万,南,中层 楼层（共31层）,鹏程国际 (距2号线街道口站约79米)
2004年,有,平层,个人产权,随时看房,179663930,2018-07-12,240万,西南,低层 楼层（共30层）,鹏程国际 (距2号线街道口站约79米)
2004年,有,平层,商品房,随时看房,177958642,2018-05-24,100万,西北,低层 楼层（共36层）,鹏程国际 (距2号线街道口站约79米)
2004年,无,平层,个人产权,随时看房,179672740,2018-07-13,123万,南,高层 楼层（共29层）,鹏程国际 (距2号线街道口站约79米)
2004年,无,平层,商品房,随时看房,179713230,2018-07-14,152万,南北,低层 楼层（共30层）,鹏程国际 (距2号线街道口站约79米)
2004年,无,平层,商品房,180616912,2018-08-08,116万,东,低层 楼层（共30层）,鹏程国际 (距2号线街道口站约79米)
2004年,无,商品房,180636055,2018-08-08,120万,东,中层 楼层（共30层）,鹏程国际 (距2号线街道口站约79米)
2013年,无,平层,商品房,随时看房,180193121,2018-07-27,110万,南北,高层 楼层（共30层）,鹏程国际 (距2号线街道口站约79米)
2008年,有,平层,个人产权,随时看房,179956408,2018-08-08,170万,南北,低层 楼层（共30层）,翡翠城 (距2号线虎泉站约601米)
2013年,无,平层,商品房,随时看房,178063700,2018-05-28,118万,东南,中层 楼层（共30层）,翡翠城 (距2号线虎泉站约601米)
2006年,无,平层,个人产权,随时看房,179324449,2018-08-02,165万,西,中层 楼层（共33层）,翡翠城 (距2号线虎泉站约601米)
2006年,无,平层,商品房,随时看房,180034833,2018-07-22,170万,南北,低层 楼层（共30层）,翡翠城 (距2号线虎泉站约601米)
2013年,无,平层,商品房,随时看房,179827548,2018-07-17,160万,南北,中层 楼层（共32层）,翡翠城 (距2号线虎泉站约601米)
2006年,有,平层,商品房,随时看房,179527956,2018-07-08,150万,南北,中层 楼层（共30层）,翡翠城 (距2号线虎泉站约601米)
2010年,无,平层,商品房,180631670,2018-08-08,100万,东,中层 楼层（共28层）,翡翠城 (距2号线虎泉站约601米)
2006年,有,平层,个人产权,随时看房,179918093,2018-08-08,160万,南北,高层 楼层（共30层）,翡翠城 (距2号线虎泉站约601米)
2015年,无,个人产权,179879076,2018-08-08,210万,南北,低层 楼层（共33层）,三金雄楚天地 (距2号线杨家湾站约89米)
2013年,无,平层,商品房,随时看房,178825771,2018-06-20,208万,南北,低层 楼层（共30层）,三金雄楚天地 (距2号线杨家湾站约89米)
2015年,有,平层,个人产权,随时看房,180362504,2018-08-01,215万,南,高层 楼层（共33层）,三金雄楚天地 (距2号线杨家湾站约89米)
2015年,无,平层,商品房,180639347,2018-08-08,210万,南北,高层 楼层（共30层）,三金雄楚天地 (距2号线杨家湾站约89米)
2015年,有,平层,商品房,随时看房,180635582,2018-08-08,135万,南,中层 楼层（共44层）,三金雄楚天地 (距2号线杨家湾站约89米)
2016年,无,平层,个人产权,随时看房,180614588,2018-08-08,215万,南,中层 楼层（共44层）,三金雄楚天地 (距2号线杨家湾站约89米)
2015年,无,平层,个人产权,随时看房,180617728,2018-08-08,350万,南北,高层 楼层（共44层）,三金雄楚天地 (距2号线杨家湾站约89米)
2016年,无,平层,商品房,180643141,2018-08-08,215万,南,低层 楼层（共30层）,三金雄楚天地 (距2号线杨家湾站约89米)
2000年,无,平层,个人产权,随时看房,180627435,2018-08-08,251万,南北,高层 楼层（共7层）,中科院水生所宿舍区
2004年,有,平层,个人产权,随时看房,179930781,2018-07-20,550万,南北,中层 楼层（共6层）,中科院水生所宿舍区
1988年,无,平层,个人产权,随时看房,179929487,2018-07-20,550万,南北,高层 楼层（共6层）,中科院水生所宿舍区
1998年,无,平层,商品房,电话预约,180369217,2018-08-01,280万,北,中层 楼层（共7层）,中科院宿舍
2018年,无,平层,个人产权,随时看房,180550898,2018-08-06,230万,南北,中层 楼层（共7层）,中科院水生所宿舍区
2000年,有,平层,个人产权,随时看房,180224659,2018-07-28,305万,南北,低层 楼层（共6层）,中科院宿舍
1988年,无,平层,个人产权,随时看房,180492604,2018-08-04,275万,南,高层 楼层（共7层）,中科院水生所宿舍区
1988年,无,平层,商品房,电话预约,179853581,2018-07-28,255万,北,中层 楼层（共7层）,中科院宿舍
2014年,有,平层,商品房,随时看房,179705838,2018-07-14,37万,南,低层 楼层（共43层）,万科金色城市微公寓
2014年,有,平层,个人产权,随时看房,179832003,2018-07-29,37万,南北,低层 楼层（共43层）,万科金色城市微公寓
2014年,有,平层,个人产权,随时看房,179266658,2018-06-29,37万,南北,高层 楼层（共43层）,万科金色城市微公寓
2014年,有,平层,个人产权,随时看房,179719627,2018-07-19,38万,南,高层 楼层（共24层）,万科金色城市微公寓
2014年,有,平层,个人产权,随时看房,178070699,2018-05-27,36万,南,中层 楼层（共31层）,万科金色城市微公寓
2014年,有,平层,个人产权,随时看房,180630448,2018-08-08,36万,南北,中层 楼层（共30层）,万科金色城市微公寓
2011年,无,平层,个人产权,随时看房,179768908,2018-07-17,38万,南北,中层 楼层（共55层）,万科金色城市微公寓
2014年,有,平层,个人产权,随时看房,178652845,2018-07-16,38万,南北,中层 楼层（共43层）,万科金色城市微公寓
2010年,有,商品房,电话预约,177647524,2018-05-16,210万,南北,中层 楼层（共30层）,未来城 (距2号线街道口站约250米)
2010年,有,平层,商品房,随时看房,178022783,2018-05-26,210万,南北,中层 楼层（共28层）,未来城 (距2号线街道口站约250米)
2010年,有,平层,个人产权,180541311,2018-08-06,205万,南,高层 楼层（共30层）,未来城 (距2号线街道口站约250米)
2010年,有,商品房,电话预约,180136131,2018-07-25,205万,南北,中层 楼层（共30层）,未来城 (距2号线街道口站约250米)
2010年,有,平层,商品房,179814978,2018-07-17,216万,南,高层 楼层（共30层）,未来城 (距2号线街道口站约250米)
2010年,无,商品房,电话预约,179399298,2018-07-04,210万,南北,中层 楼层（共32层）,未来城 (距2号线街道口站约250米)
2010年,有,平层,商品房,电话预约,180272053,2018-07-29,200万,南北,高层 楼层（共30层）,未来城 (距2号线街道口站约250米)
2012年,无,商品房,电话预约,180135976,2018-08-02,205万,南北,低层 楼层（共33层）,未来城 (距2号线街道口站约250米)
2002年,有,个人产权,随时看房,180601012,2018-08-08,312万,南北,高层 楼层（共7层）,玉兰苑
2002年,无,平层,商品房,180603882,2018-08-08,258万,南北,中层 楼层（共7层）,玉兰苑
2002年,有,个人产权,随时看房,179424294,2018-07-05,240万,南北,低层 楼层（共7层）,玉兰苑
2002年,无,平层,商品房,180625365,2018-08-08,308万,南北,低层 楼层（共7层）,玉兰苑
2002年,无,平层,商品房,180620971,2018-08-08,305万,南北,中层 楼层（共7层）,玉兰苑
2002年,无,平层,商品房,180602534,2018-08-08,308万,南北,高层 楼层（共7层）,玉兰苑
2002年,无,平层,商品房,180609337,2018-08-08,150万,南北,中层 楼层（共7层）,玉兰苑
2013年,无,平层,商品房,随时看房,180642628,2018-08-08,314万,南,中层 楼层（共7层）,玉兰苑教师小区
2013年,无,平层,个人产权,随时看房,180059874,2018-07-23,160万,东南,中层 楼层（共33层）,芷岸龙庭
2013年,无,平层,商品房,随时看房,179515848,2018-07-07,245万,南北,中层 楼层（共29层）,芷岸龙庭
2014年,有,个人产权,随时看房,180607449,2018-08-07,280万,南北,高层 楼层（共11层）,芷岸龙庭
2012年,无,商品房,电话预约,180358827,2018-08-01,206万,南北,高层 楼层（共33层）,芷岸龙庭
2013年,无,平层,商品房,随时看房,179945689,2018-07-20,168万,南,高层 楼层（共32层）,芷岸龙庭
2013年,无,平层,商品房,随时看房,178726670,2018-06-20,255万,南北,低层 楼层（共29层）,芷岸龙庭
2014年,无,平层,个人产权,随时看房,180060077,2018-07-23,246万,南北,中层 楼层（共30层）,芷岸龙庭
2013年,有,平层,个人产权,随时看房,180347905,2018-07-31,153万,南,中层 楼层（共30层）,芷岸龙庭
2011年,有,商品房,随时看房,180210601,2018-07-27,168万,南北,中层 楼层（共33层）,国海瑞湖天地二期
2014年,无,商品房,180110470,2018-07-24,151万,南北,高层 楼层（共18层）,国海学道
2013年,无,平层,商品房,电话预约,180645233,2018-08-08,225万,南北,高层 楼层（共18层）,国海学道
2014年,无,商品房,180110451,2018-07-24,270万,南,高层 楼层（共18层）,国海学道
2011年,有,商品房,随时看房,180210571,2018-08-07,242万,南北,低层 楼层（共33层）,国海瑞湖天地二期
2013年,有,平层,商品房,随时看房,180164689,2018-08-02,188万,南北,低层 楼层（共18层）,国海瑞湖天地二期
2013年,有,个人产权,随时看房,180099950,2018-07-24,160万,南北,低层 楼层（共33层）,国海学道
2013年,无,平层,个人产权,随时看房,174694392,2018-06-18,210万,南北,中层 楼层（共18层）,国海学道
1998年,有,个人产权,随时看房,179109391,2018-07-20,145万,南,中层 楼层（共6层）,洪珞社区 (距2号线宝通寺站约567米)
1998年,无,平层,商品房,随时看房,179712128,2018-07-14,178万,南北,高层 楼层（共4层）,洪珞社区 (距2号线宝通寺站约567米)
1998年,无,平层,个人产权,180577947,2018-08-07,112万,东,低层 楼层（共6层）,洪珞社区 (距2号线宝通寺站约567米)
1998年,无,商品房,180055130,2018-08-08,105万,南,中层 楼层（共8层）,洪珞社区 (距2号线宝通寺站约567米)
1998年,无,商品房,电话预约,180179771,2018-08-08,107万,南北,中层 楼层（共7层）,洪珞社区 (距2号线宝通寺站约567米)
1998年,有,平层,商品房,随时看房,179052759,2018-06-23,160万,南北,中层 楼层（共3层）,洪珞社区 (距2号线宝通寺站约567米)
1998年,无,商品房,随时看房,179696124,2018-07-13,135万,南北,高层 楼层（共2层）,洪珞社区 (距2号线宝通寺站约567米)
2000年,无,商品房,180632367,2018-08-08,110万,南北,中层 楼层（共7层）,洪珞社区 (距2号线宝通寺站约567米)
2015年,无,平层,商品房,随时看房,174848393,2018-06-14,249万,东南,低层 楼层（共27层）,泓悦府
2016年,无,平层,商品房,电话预约,177588711,2018-08-04,250万,南北,高层 楼层（共18层）,泓悦府
2016年,无,商品房,电话预约,179767139,2018-07-16,280万,南北,低层 楼层（共28层）,泓悦府
2015年,有,平层,商品房,180625047,2018-08-08,236万,南,高层 楼层（共29层）,泓悦府
2015年,无,平层,商品房,随时看房,180246404,2018-08-05,235万,南北,低层 楼层（共27层）,泓悦府
2015年,有,平层,商品房,180080214,2018-07-23,255万,南北,中层 楼层（共28层）,泓悦府
2015年,有,商品房,180642363,2018-08-08,96万,南北,高层 楼层（共30层）,泓悦府
2016年,无,平层,商品房,电话预约,174964591,2018-06-30,250万,南北,中层 楼层（共29层）,泓悦府
2005年,无,个人产权,179979760,2018-08-02,150万,南北,中层 楼层（共18层）,南湖狮山美庐
2005年,无,平层,个人产权,随时看房,179731099,2018-07-15,198万,南北,高层 楼层（共12层）,南湖狮山美庐
2009年,无,平层,个人产权,随时看房,180642066,2018-08-08,170万,南北,中层 楼层（共11层）,南湖狮山美庐
2006年,无,平层,个人产权,179872578,2018-07-18,147万,南北,高层 楼层（共18层）,南湖狮山美庐
2008年,无,平层,个人产权,随时看房,180405529,2018-08-02,147万,南,中层 楼层（共18层）,南湖狮山美庐
2009年,有,商品房,随时看房,180639739,2018-08-08,200万,南北,中层 楼层（共18层）,南湖狮山美庐
2005年,无,平层,个人产权,随时看房,180405600,2018-08-02,145万,南,低层 楼层（共18层）,南湖狮山美庐
2010年,无,平层,商品房,180623556,2018-08-08,170万,暂无,高层 楼层（共12层）,南湖狮山美庐
2013年,无,平层,商品房,随时看房,179077663,2018-07-31,330万,东南,高层 楼层（共18层）,省疾控中心宿舍 (距2号线广埠屯站约1002米)
2000年,无,平层,商品房,随时看房,177711176,2018-08-06,152万,南北,中层 楼层（共7层）,省疾控中心宿舍 (距2号线广埠屯站约1002米)
2003年,无,平层,个人产权,随时看房,180307337,2018-08-08,205万,南北,中层 楼层（共7层）,省疾控中心宿舍 (距2号线广埠屯站约1002米)
1998年,无,平层,商品房,随时看房,177710566,2018-08-06,230万,南北,低层 楼层（共7层）,省疾控中心宿舍 (距2号线广埠屯站约1002米)
2000年,无,平层,商品房,电话预约,180304419,2018-07-30,210万,南北,高层 楼层（共7层）,省疾控中心宿舍 (距2号线广埠屯站约1002米)
2000年,有,个人产权,随时看房,180491308,2018-08-04,160万,南,高层 楼层（共7层）,省疾控中心宿舍 (距2号线广埠屯站约1002米)
2013年,有,平层,商品房,随时看房,180613552,2018-08-08,210万,南北,高层 楼层（共6层）,省疾控中心宿舍 (距2号线广埠屯站约1002米)
2013年,无,平层,商品房,随时看房,180503610,2018-08-05,148万,南北,中层 楼层（共7层）,省疾控中心宿舍 (距2号线广埠屯站约1002米)
2012年,有,平层,个人产权,随时看房,175691063,2018-08-08,200万,南北,中层 楼层（共26层）,鹿鸣苑 (距2号线虎泉站约1145米)
2013年,无,平层,商品房,随时看房,179869766,2018-07-18,230万,南北,高层 楼层（共18层）,鹿鸣苑 (距2号线虎泉站约1145米)
2012年,有,平层,个人产权,随时看房,180645146,2018-08-08,203万,南北,高层 楼层（共26层）,鹿鸣苑 (距2号线虎泉站约1145米)
2013年,无,平层,个人产权,随时看房,180611549,2018-08-08,180万,南,中层 楼层（共28层）,鹿鸣苑 (距2号线虎泉站约1145米)
2012年,有,平层,个人产权,随时看房,180211030,2018-08-08,230万,南北,中层 楼层（共18层）,鹿鸣苑 (距2号线虎泉站约1145米)
2013年,无,平层,商品房,随时看房,180614935,2018-08-08,235万,南北,中层 楼层（共17层）,鹿鸣苑 (距2号线虎泉站约1145米)
2012年,有,平层,个人产权,随时看房,180000073,2018-08-08,193万,南北,低层 楼层（共12层）,鹿鸣苑 (距2号线虎泉站约1145米)
2013年,无,平层,商品房,随时看房,180642976,2018-08-08,173万,南北,中层 楼层（共29层）,鹿鸣苑 (距2号线虎泉站约1145米)
2002年,有,平层,个人产权,随时看房,180385387,2018-08-02,360万,南北,高层 楼层（共11层）,南湖景苑红馆
2002年,无,平层,商品房,电话预约,180494965,2018-08-04,350万,南北,中层 楼层（共11层）,南湖景苑红馆
2013年,无,平层,商品房,随时看房,179077025,2018-07-31,300万,南,高层 楼层（共13层）,南湖景苑红馆
2008年,无,平层,商品房,随时看房,177840900,2018-06-17,350万,南北,中层 楼层（共22层）,南湖景苑红馆
2002年,有,平层,商品房,随时看房,178882277,2018-08-08,310万,南北,高层 楼层（共11层）,南湖景苑红馆
2002年,无,商品房,电话预约,180601913,2018-08-07,350万,南北,低层 楼层（共11层）,南湖景苑红馆
2002年,无,平层,商品房,电话预约,180495060,2018-08-04,350万,南北,低层 楼层（共12层）,南湖景苑红馆
2002年,有,商品房,随时看房,180604472,2018-08-07,275万,南北,中层 楼层（共18层）,南湖景苑红馆
1998年,无,平层,个人产权,随时看房,180618264,2018-08-08,136万,南北,中层 楼层（共8层）,街道口小区 (距2号线宝通寺站约667米)
2011年,无,平层,商品房,电话预约,180611511,2018-08-08,75万,南北,低层 楼层（共6层）,街道口小区 (距2号线宝通寺站约667米)
1998年,有,个人产权,随时看房,178121860,2018-06-19,89万,南,中层 楼层（共8层）,街道口小区 (距2号线宝通寺站约667米)
2000年,无,平层,个人产权,随时看房,179663205,2018-07-12,135万,南北,高层 楼层（共7层）,街道口小区 (距2号线宝通寺站约667米)
1998年,无,平层,商品房,随时看房,178529962,2018-06-08,102万,南北,低层 楼层（共8层）,街道口小区 (距2号线宝通寺站约667米)
1998年,无,商品房,180639618,2018-08-08,155万,南北,中层 楼层（共8层）,街道口小区 (距2号线宝通寺站约667米)
1998年,有,平层,商品房,随时看房,179310550,2018-07-01,135万,南北,高层 楼层（共8层）,街道口小区 (距2号线宝通寺站约667米)
1998年,无,平层,个人产权,随时看房,180090437,2018-07-24,133万,南,低层 楼层（共8层）,街道口小区 (距2号线宝通寺站约667米)
2010年,无,平层,商品房,随时看房,178394504,2018-08-06,235万,南北,中层 楼层（共7层）,尚文创业城 (距2号线杨家湾站约245米)
2000年,有,平层,商品房,随时看房,180622104,2018-08-08,115万,南,中层 楼层（共7层）,尚文创业城 (距2号线杨家湾站约245米)
2013年,无,平层,商品房,随时看房,180634048,2018-08-08,225万,南北,中层 楼层（共7层）,尚文创业城 (距2号线杨家湾站约245米)
2013年,无,平层,商品房,随时看房,179264797,2018-07-17,355万,南北,高层 楼层（共7层）,尚文创业城 (距2号线杨家湾站约245米)
2013年,无,平层,商品房,随时看房,180634211,2018-08-08,238万,南北,高层 楼层（共8层）,尚文创业城 (距2号线杨家湾站约245米)
2013年,有,平层,商品房,随时看房,180613477,2018-08-08,300万,南北,中层 楼层（共7层）,尚文创业城 (距2号线杨家湾站约245米)
2002年,无,平层,商品房,随时看房,179922041,2018-07-20,297万,南北,高层 楼层（共7层）,尚文创业城 (距2号线杨家湾站约245米)
2002年,有,平层,商品房,随时看房,177940230,2018-08-08,280万,南北,低层 楼层（共7层）,尚文创业城 (距2号线杨家湾站约245米)
2007年,有,平层,商品房,随时看房,178297799,2018-08-08,322万,南北,高层 楼层（共12层）,山泉居 (距2号线虎泉站约328米)
2007年,有,个人产权,随时看房,180425140,2018-08-03,258万,南,低层 楼层（共7层）,山泉居 (距2号线虎泉站约328米)
2007年,有,平层,商品房,随时看房,180622672,2018-08-08,300万,南北,高层 楼层（共11层）,山泉居 (距2号线虎泉站约328米)
2010年,有,平层,商品房,随时看房,178127088,2018-06-20,430万,南北,高层 楼层（共4层）,山泉居 (距2号线虎泉站约328米)
2013年,无,平层,商品房,随时看房,179230732,2018-07-06,260万,南北,低层 楼层（共7层）,山泉居 (距2号线虎泉站约328米)
2013年,无,平层,商品房,随时看房,179829048,2018-07-17,230万,南北,中层 楼层（共7层）,山泉居二期 (距2号线虎泉站约328米)
2007年,有,平层,商品房,随时看房,178126891,2018-06-20,278万,南北,低层 楼层（共8层）,山泉居 (距2号线虎泉站约328米)
2008年,有,平层,商品房,随时看房,178216854,2018-06-20,430万,南北,中层 楼层（共4层）,山泉居 (距2号线虎泉站约328米)
1999年,有,平层,商品房,随时看房,177712004,2018-08-08,378万,南北,高层 楼层（共12层）,东湖名居 (距2号线广埠屯站约811米)
2013年,无,平层,商品房,随时看房,180636106,2018-08-08,360万,南北,中层 楼层（共18层）,东湖名居 (距2号线广埠屯站约811米)
2003年,有,平层,个人产权,随时看房,178998380,2018-07-19,330万,南北,高层 楼层（共18层）,东湖名居 (距2号线广埠屯站约811米)
2003年,有,平层,商品房,随时看房,180613682,2018-08-08,370万,南北,中层 楼层（共12层）,东湖名居 (距2号线广埠屯站约811米)
2007年,有,平层,商品房,随时看房,178141115,2018-06-20,332万,南北,高层 楼层（共11层）,东湖名居 (距2号线广埠屯站约811米)
2013年,无,平层,商品房,随时看房,179359219,2018-07-07,345万,南北,中层 楼层（共32层）,东湖名居 (距2号线广埠屯站约811米)
2013年,无,平层,商品房,随时看房,178289535,2018-06-01,360万,南北,低层 楼层（共19层）,东湖名居 (距2号线广埠屯站约811米)
2013年,无,平层,商品房,随时看房,180636053,2018-08-08,345万,南北,高层 楼层（共30层）,东湖名居 (距2号线广埠屯站约811米)
2005年,有,平层,个人产权,180598404,2018-08-07,92万,南,中层 楼层（共30层）,阜华大厦 (距2号线街道口站约70米)
2005年,无,平层,商品房,180578107,2018-08-07,295万,南北,高层 楼层（共30层）,阜华大厦 (距2号线街道口站约70米)
2005年,有,开间,商品房,随时看房,180036395,2018-07-22,220万,南,中层 楼层（共30层）,阜华大厦 (距2号线街道口站约70米)
2005年,无,平层,商品房,电话预约,179712898,2018-07-14,248万,南北,中层 楼层（共30层）,阜华大厦 (距2号线街道口站约70米)
2005年,有,平层,个人产权,随时看房,179090109,2018-07-20,140万,南,中层 楼层（共30层）,阜华大厦 (距2号线街道口站约70米)
2005年,无,平层,个人产权,随时看房,180536355,2018-08-05,155万,南北,高层 楼层（共30层）,阜华大厦 (距2号线街道口站约70米)
2005年,有,商品房,随时看房,180640336,2018-08-08,210万,南北,低层 楼层（共30层）,阜华大厦 (距2号线街道口站约70米)
2005年,有,平层,个人产权,随时看房,180536627,2018-08-05,210万,南北,中层 楼层（共23层）,阜华大厦 (距2号线街道口站约70米)
2014年,有,平层,个人产权,随时看房,179797705,2018-07-17,210万,南北,中层 楼层（共31层）,名士1号
2014年,无,平层,商品房,电话预约,179882531,2018-07-19,226万,南北,低层 楼层（共31层）,名士1号
2014年,有,平层,商品房,180623606,2018-08-08,210万,南北,低层 楼层（共32层）,名士1号
2014年,有,平层,商品房,随时看房,175992204,2018-08-08,211万,南,中层 楼层（共32层）,名士1号
2014年,有,平层,个人产权,随时看房,179648512,2018-07-12,206万,东南,低层 楼层（共33层）,名士1号
2014年,有,平层,商品房,随时看房,179654208,2018-07-12,170万,南,低层 楼层（共31层）,名士1号
2014年,无,平层,个人产权,随时看房,178827016,2018-06-16,195万,南,高层 楼层（共33层）,名士1号
2014年,有,平层,商品房,随时看房,175994658,2018-08-08,180万,南,中层 楼层（共32层）,名士1号
无,平层,商品房,175688995,2018-07-03,232万,南北,中层 楼层（共7层）,四眼井小区 (距2号线街道口站约466米)
1996年,无,平层,商品房,随时看房,179583148,2018-07-10,118万,南北,高层 楼层（共8层）,四眼井小区 (距2号线街道口站约466米)
1998年,无,平层,商品房,随时看房,179407064,2018-07-04,230万,南北,低层 楼层（共6层）,四眼井小区 (距2号线街道口站约466米)
1996年,无,平层,个人产权,随时看房,179846440,2018-07-18,120万,南,低层 楼层（共6层）,四眼井小区 (距2号线街道口站约466米)
2006年,无,平层,个人产权,随时看房,177437907,2018-06-25,154万,南北,中层 楼层（共8层）,四眼井小区 (距2号线街道口站约466米)
1996年,无,平层,商品房,电话预约,180138711,2018-07-25,195万,南北,中层 楼层（共8层）,四眼井小区 (距2号线街道口站约466米)
1996年,无,平层,商品房,随时看房,178528931,2018-06-08,106万,南北,高层 楼层（共8层）,四眼井小区 (距2号线街道口站约466米)
1996年,无,个人产权,随时看房,180391492,2018-08-02,118万,南北,低层 楼层（共7层）,四眼井小区 (距2号线街道口站约466米)
2002年,无,平层,个人产权,随时看房,179183938,2018-07-20,280万,南北,高层 楼层（共7层）,博文花园
2004年,有,平层,个人产权,随时看房,178478139,2018-07-20,420万,暂无,高层 楼层（共11层）,博文花园
2002年,无,商品房,电话预约,180579194,2018-08-07,303万,南北,低层 楼层（共7层）,博文花园
2002年,无,平层,个人产权,随时看房,178488548,2018-07-20,350万,南北,低层 楼层（共7层）,博文花园
2002年,无,开间,商品房,随时看房,178431110,2018-06-05,225万,南,低层 楼层（共7层）,博文花园
2004年,无,商品房,180435098,2018-08-03,300万,南,低层 楼层（共10层）,博文花园
2002年,有,商品房,电话预约,179853226,2018-08-02,165万,南北,低层 楼层（共12层）,博文花园
2006年,有,平层,个人产权,随时看房,178787956,2018-07-20,115万,东北,高层 楼层（共13层）,博文花园
2006年,无,平层,商品房,电话预约,179191831,2018-06-28,127万,南,高层 楼层（共7层）,柳林雅居
2006年,有,个人产权,随时看房,179602300,2018-07-10,180万,南北,中层 楼层（共7层）,柳林雅居
2008年,无,平层,个人产权,随时看房,179720771,2018-08-02,180万,东南,中层 楼层（共7层）,柳林雅居
2006年,有,平层,个人产权,随时看房,180319051,2018-08-06,155万,南北,中层 楼层（共7层）,柳林雅居
2013年,无,平层,个人产权,随时看房,180471967,2018-08-06,192万,南北,高层 楼层（共7层）,柳林雅居
2006年,有,平层,商品房,随时看房,178804593,2018-06-15,205万,南北,低层 楼层（共7层）,柳林雅居
2006年,无,平层,商品房,电话预约,179802241,2018-07-17,192万,南北,中层 楼层（共7层）,柳林雅居
2013年,无,平层,商品房,随时看房,178289667,2018-06-01,165万,南北,低层 楼层（共7层）,柳林雅居
1997年,无,平层,个人产权,随时看房,179487479,2018-08-01,199万,南北,中层 楼层（共7层）,桂子山庄 (距2号线街道口站约663米)
1996年,无,平层,个人产权,随时看房,179210737,2018-07-20,180万,南,高层 楼层（共8层）,桂子山庄 (距2号线街道口站约663米)
2002年,无,平层,商品房,随时看房,177557652,2018-05-25,205万,南北,高层 楼层（共7层）,桂子山庄 (距2号线街道口站约663米)
2005年,有,个人产权,随时看房,179997002,2018-07-21,235万,南北,中层 楼层（共6层）,桂子山庄 (距2号线街道口站约663米)
2005年,有,个人产权,随时看房,180562359,2018-08-06,260万,南北,低层 楼层（共6层）,桂子山庄 (距2号线街道口站约663米)
2013年,无,平层,商品房,随时看房,178301903,2018-06-02,150万,南北,低层 楼层（共8层）,桂子山庄 (距2号线街道口站约663米)
2000年,无,平层,商品房,随时看房,180165732,2018-07-26,180万,南北,高层 楼层（共8层）,桂子山庄 (距2号线街道口站约663米)
2013年,有,平层,商品房,随时看房,180464909,2018-08-04,235万,南北,高层 楼层（共8层）,桂子山庄 (距2号线街道口站约663米)
2010年,有,平层,个人产权,随时看房,179774104,2018-07-16,410万,南北,中层 楼层（共32层）,南湖半岛花园
2005年,有,平层,个人产权,随时看房,179757905,2018-07-15,178万,南,中层 楼层（共32层）,南湖半岛花园
2005年,无,平层,商品房,随时看房,180317623,2018-08-08,320万,东南,低层 楼层（共6层）,南湖半岛花园
2010年,无,平层,个人产权,随时看房,180425154,2018-08-03,400万,南北,中层 楼层（共30层）,南湖半岛花园
2014年,无,平层,商品房,随时看房,178179363,2018-06-20,520万,南北,中层 楼层（共33层）,南湖半岛花园
2005年,无,复式,个人产权,随时看房,178759612,2018-06-14,420万,南北,高层 楼层（共4层）,南湖半岛花园
2015年,无,平层,商品房,电话预约,179191398,2018-06-27,500万,南北,低层 楼层（共31层）,南湖半岛花园
2005年,有,平层,个人产权,随时看房,174787453,2018-08-08,520万,东西,高层 楼层（共28层）,南湖半岛花园
2006年,无,商品房,电话预约,179773274,2018-07-16,283万,南北,中层 楼层（共30层）,鹏程蕙园 (距2号线街道口站约451米)
2006年,无,平层,商品房,电话预约,179712625,2018-07-14,315万,南北,中层 楼层（共30层）,鹏程蕙园 (距2号线街道口站约451米)
2006年,无,平层,商品房,随时看房,179221918,2018-06-28,130万,南北,高层 楼层（共8层）,鹏程蕙园 (距2号线街道口站约451米)
2009年,有,平层,个人产权,随时看房,180224761,2018-08-04,140万,南,高层 楼层（共32层）,鹏程蕙园 (距2号线街道口站约451米)
2006年,有,平层,个人产权,随时看房,178644500,2018-07-13,102万,北,中层 楼层（共30层）,鹏程蕙园 (距2号线街道口站约451米)
2006年,有,平层,个人产权,随时看房,178644487,2018-07-13,118万,北,低层 楼层（共31层）,鹏程蕙园 (距2号线街道口站约451米)
2006年,有,平层,个人产权,随时看房,178487208,2018-07-13,220万,南北,高层 楼层（共30层）,鹏程蕙园 (距2号线街道口站约451米)
2006年,无,商品房,180584612,2018-08-07,120万,南,中层 楼层（共29层）,鹏程蕙园 (距2号线街道口站约451米)
2014年,无,平层,个人产权,随时看房,180621564,2018-08-08,143万,南,中层 楼层（共34层）,天地源荷景苑
2013年,有,商品房,180624853,2018-08-08,155万,南北,中层 楼层（共18层）,天地源荷景苑
2014年,无,平层,商品房,随时看房,180508773,2018-08-05,145万,南,低层 楼层（共22层）,天地源荷景苑
2012年,无,商品房,180601694,2018-08-07,135万,南北,高层 楼层（共17层）,天地源荷景苑
2014年,有,商品房,180616492,2018-08-08,196万,南北,中层 楼层（共18层）,天地源荷景苑
2013年,无,平层,商品房,随时看房,179890253,2018-08-08,160万,南北,高层 楼层（共18层）,天地源荷景苑
2012年,有,个人产权,随时看房,180168422,2018-07-26,148万,南北,低层 楼层（共18层）,天地源荷景苑
2012年,有,个人产权,随时看房,180167992,2018-07-26,220万,南北,高层 楼层（共18层）,天地源荷景苑
2002年,无,平层,商品房,180526317,2018-08-05,255万,南,中层 楼层（共12层）,圆梦美丽家园
2002年,无,平层,商品房,随时看房,176659293,2018-08-08,226万,南北,低层 楼层（共7层）,圆梦美丽家园
2002年,无,平层,商品房,180524575,2018-08-05,278万,南,低层 楼层（共6层）,圆梦美丽家园
2002年,无,平层,商品房,随时看房,180232193,2018-08-03,190万,南北,低层 楼层（共7层）,圆梦美丽家园
2005年,无,平层,商品房,随时看房,178480804,2018-08-08,190万,南北,低层 楼层（共7层）,圆梦美丽家园
2008年,有,平层,商品房,随时看房,180464962,2018-08-04,280万,南北,高层 楼层（共11层）,圆梦美丽家园
2004年,无,平层,商品房,随时看房,177488851,2018-05-25,250万,南北,中层 楼层（共11层）,圆梦美丽家园
2002年,有,平层,个人产权,随时看房,179951325,2018-07-20,278万,南北,高层 楼层（共12层）,圆梦美丽家园
2000年,无,平层,商品房,随时看房,177804075,2018-07-10,175万,南北,低层 楼层（共7层）,竹苑小区 (距2号线宝通寺站约680米)
2000年,无,平层,个人产权,180611324,2018-08-08,156万,东,高层 楼层（共7层）,竹苑小区 (距2号线宝通寺站约680米)
2000年,无,平层,商品房,180623370,2018-08-08,173万,南北,高层 楼层（共7层）,竹苑小区 (距2号线宝通寺站约680米)
2000年,无,平层,商品房,电话预约,177589228,2018-08-04,175万,南北,低层 楼层（共7层）,竹苑小区 (距2号线宝通寺站约680米)
2002年,无,平层,商品房,随时看房,173858916,2018-07-10,175万,南北,高层 楼层（共7层）,竹苑小区 (距2号线宝通寺站约680米)
2000年,无,平层,个人产权,180200365,2018-08-04,200万,南北,低层 楼层（共7层）,竹苑小区 (距2号线宝通寺站约680米)
2000年,无,平层,商品房,电话预约,178643704,2018-06-11,175万,南北,中层 楼层（共7层）,竹苑小区 (距2号线宝通寺站约680米)
2000年,无,平层,商品房,随时看房,173858915,2018-07-10,175万,南北,中层 楼层（共7层）,竹苑小区 (距2号线宝通寺站约680米)
1991年,无,平层,商品房,随时看房,179921241,2018-08-08,266万,南北,中层 楼层（共7层）,湖北林业勘察院小区 (距2号线虎泉站约562米)
1991年,无,平层,个人产权,随时看房,175255412,2018-08-08,118万,南北,低层 楼层（共7层）,湖北林业勘察院小区 (距2号线虎泉站约562米)
1991年,无,平层,个人产权,随时看房,168110358,2018-08-08,120万,南,中层 楼层（共7层）,湖北林业勘察院小区 (距2号线虎泉站约562米)
1991年,有,平层,个人产权,随时看房,180065099,2018-07-23,196万,南,低层 楼层（共6层）,湖北林业勘察院小区 (距2号线虎泉站约562米)
2013年,无,平层,商品房,随时看房,178303462,2018-06-02,230万,南北,中层 楼层（共7层）,湖北林业勘察院小区 (距2号线虎泉站约562米)
1995年,无,平层,商品房,随时看房,179912655,2018-08-05,130万,南北,高层 楼层（共1层）,湖北林业勘察院小区 (距2号线虎泉站约562米)
1999年,无,平层,商品房,随时看房,179548570,2018-07-23,160万,南北,高层 楼层（共6层）,湖北林业勘察院小区 (距2号线虎泉站约562米)
1991年,有,平层,商品房,随时看房,180257038,2018-07-29,205万,南北,中层 楼层（共7层）,林勘院 (距2号线虎泉站约562米)
2000年,无,平层,商品房,电话预约,180568524,2018-08-06,215万,南北,高层 楼层（共32层）,黎明新居 (距2号线街道口站约973米)
2013年,无,平层,个人产权,随时看房,180497319,2018-08-04,165万,南北,高层 楼层（共7层）,黎明新居 (距2号线街道口站约973米)
2016年,有,商品房,电话预约,180125500,2018-08-08,178万,南北,中层 楼层（共32层）,黎明新居 (距2号线街道口站约973米)
2016年,有,平层,个人产权,随时看房,180283672,2018-08-03,205万,南,低层 楼层（共33层）,黎明新居 (距2号线街道口站约973米)
2016年,无,商品房,180636664,2018-08-08,235万,东南,低层 楼层（共32层）,黎明新居 (距2号线街道口站约973米)
2016年,有,开间,商品房,随时看房,178310061,2018-06-05,245万,南,中层 楼层（共32层）,黎明新居 (距2号线街道口站约973米)
2015年,无,平层,个人产权,180503735,2018-08-05,240万,南北,低层 楼层（共32层）,黎明新居 (距2号线街道口站约973米)
2016年,有,平层,个人产权,随时看房,180049896,2018-07-23,235万,东南,中层 楼层（共32层）,黎明新居 (距2号线街道口站约973米)
2000年,有,平层,个人产权,随时看房,178337073,2018-07-15,348万,南北,低层 楼层（共6层）,七环科技公寓 (距2号线广埠屯站约511米)
2013年,无,平层,商品房,随时看房,179076808,2018-07-31,168万,东,低层 楼层（共8层）,七环科技公寓 (距2号线广埠屯站约511米)
2013年,有,平层,商品房,随时看房,180613618,2018-08-08,330万,南北,中层 楼层（共7层）,七环科技公寓 (距2号线广埠屯站约511米)
2013年,无,平层,商品房,随时看房,180392994,2018-08-02,158万,南北,中层 楼层（共7层）,七环科技公寓 (距2号线广埠屯站约511米)
2014年,无,平层,商品房,电话预约,179401145,2018-07-04,168万,南,中层 楼层（共7层）,七环科技公寓 (距2号线广埠屯站约511米)
2000年,有,平层,商品房,随时看房,177713168,2018-08-08,270万,南北,中层 楼层（共7层）,七环科技公寓 (距2号线广埠屯站约511米)
2000年,无,平层,个人产权,随时看房,177399557,2018-08-03,350万,南北,低层 楼层（共6层）,七环科技公寓 (距2号线广埠屯站约511米)
2013年,无,平层,商品房,随时看房,179869238,2018-07-18,270万,南北,高层 楼层（共7层）,七环科技公寓 (距2号线广埠屯站约511米)
1999年,无,平层,商品房,随时看房,180047298,2018-07-26,180万,南,低层 楼层（共7层）,五环社区 (距2号线杨家湾站约233米)
2016年,有,平层,商品房,随时看房,178896773,2018-08-08,155万,南北,高层 楼层（共7层）,五环社区 (距2号线杨家湾站约233米)
1995年,无,平层,商品房,电话预约,179191564,2018-06-27,280万,南北,高层 楼层（共42层）,五环社区 (距2号线杨家湾站约233米)
2000年,无,平层,个人产权,随时看房,180118150,2018-07-25,180万,南北,中层 楼层（共33层）,五环社区 (距2号线杨家湾站约233米)
1999年,无,平层,商品房,电话预约,180642506,2018-08-08,148万,南北,中层 楼层（共5层）,五环社区 (距2号线杨家湾站约233米)
2000年,有,个人产权,随时看房,180488168,2018-08-04,145万,南北,中层 楼层（共7层）,五环社区 (距2号线杨家湾站约233米)
2016年,有,平层,商品房,随时看房,180635371,2018-08-08,132万,南北,低层 楼层（共7层）,五环社区 (距2号线杨家湾站约233米)
2016年,有,平层,个人产权,随时看房,180107955,2018-08-06,280万,南北,高层 楼层（共42层）,五环天地 (距2号线杨家湾站约233米)
2003年,无,平层,商品房,随时看房,178357483,2018-06-10,460万,南北,中层 楼层（共11层）,剑桥铭邸
2013年,无,平层,商品房,随时看房,179077416,2018-07-31,330万,南北,低层 楼层（共12层）,剑桥铭邸
2003年,无,平层,商品房,180637743,2018-08-08,200万,南北,低层 楼层（共11层）,剑桥铭邸
2006年,有,平层,商品房,随时看房,180130609,2018-07-25,380万,南北,中层 楼层（共11层）,剑桥铭邸
2013年,无,平层,商品房,随时看房,179517461,2018-07-09,190万,南北,低层 楼层（共12层）,剑桥铭邸
2004年,有,复式,商品房,随时看房,177395509,2018-05-25,460万,南北,高层 楼层（共12层）,剑桥铭邸
2006年,无,平层,商品房,随时看房,177487781,2018-05-25,330万,南北,低层 楼层（共11层）,剑桥铭邸
2003年,无,平层,商品房,180642657,2018-08-08,460万,南北,高层 楼层（共11层）,剑桥铭邸
2005年,无,售后公房,随时看房,180315643,2018-08-04,405万,南北,高层 楼层（共8层）,丽岛紫园
2005年,无,平层,个人产权,随时看房,179972148,2018-07-21,320万,南北,中层 楼层（共16层）,丽岛紫园
2005年,无,平层,商品房,随时看房,179909921,2018-07-19,305万,南北,低层 楼层（共10层）,丽岛紫园
2005年,无,平层,商品房,随时看房,179811137,2018-07-17,299万,南,中层 楼层（共11层）,丽岛紫园
2004年,有,平层,个人产权,随时看房,179759820,2018-07-15,286万,东南,低层 楼层（共10层）,丽岛紫园
2005年,无,商品房,177872263,2018-05-31,330万,南北,中层 楼层（共14层）,丽岛紫园
2005年,无,平层,商品房,随时看房,179912432,2018-07-19,299万,南,低层 楼层（共11层）,丽岛紫园
2004年,无,平层,个人产权,随时看房,179972209,2018-07-21,285万,南北,高层 楼层（共11层）,丽岛紫园
2003年,无,平层,商品房,随时看房,179040688,2018-06-23,191万,南,中层 楼层（共16层）,明泽半岛
2003年,无,平层,商品房,随时看房,179041701,2018-06-23,88万,南北,高层 楼层（共22层）,明泽半岛
2003年,有,平层,个人产权,随时看房,179047432,2018-06-23,105万,南北,低层 楼层（共22层）,明泽半岛
2003年,有,商品房,随时看房,180644301,2018-08-08,266万,南北,高层 楼层（共22层）,明泽半岛
2003年,无,平层,个人产权,随时看房,177614924,2018-05-25,480万,南,低层 楼层（共3层）,明泽半岛
2003年,有,商品房,180577492,2018-08-07,242万,南北,低层 楼层（共18层）,明泽半岛
2006年,无,平层,商品房,随时看房,179043420,2018-06-23,92万,南北,中层 楼层（共28层）,明泽半岛
2003年,无,随时看房,180221209,2018-08-03,230万,南北,中层 楼层（共22层）,明泽半岛
2013年,有,平层,商品房,随时看房,180613416,2018-08-08,172万,南北,中层 楼层（共7层）,文豪苑 (距2号线光谷广场站约985米)
2006年,有,个人产权,随时看房,179698853,2018-07-13,185万,南北,中层 楼层（共7层）,文豪苑 (距2号线光谷广场站约985米)
2004年,无,平层,个人产权,随时看房,180644835,2018-08-08,225万,南北,中层 楼层（共7层）,文豪苑 (距2号线光谷广场站约985米)
2003年,无,平层,个人产权,随时看房,179570997,2018-07-09,185万,南北,高层 楼层（共7层）,文豪苑 (距2号线光谷广场站约985米)
2005年,无,平层,商品房,随时看房,180630536,2018-08-08,182万,南北,高层 楼层（共7层）,文豪苑 (距2号线光谷广场站约985米)
2003年,无,平层,个人产权,随时看房,178962761,2018-07-06,175万,南北,高层 楼层（共7层）,文豪苑 (距2号线光谷广场站约985米)
2003年,无,平层,商品房,随时看房,180630920,2018-08-08,230万,南北,中层 楼层（共7层）,文豪苑 (距2号线光谷广场站约985米)
2004年,有,平层,个人产权,随时看房,180376050,2018-08-08,169万,南北,高层 楼层（共7层）,文豪苑 (距2号线光谷广场站约985米)
2003年,无,平层,商品房,电话预约,178304629,2018-07-14,255万,南,高层 楼层（共8层）,茶港军转小区
2003年,无,平层,个人产权,随时看房,180097499,2018-07-28,480万,南北,低层 楼层（共15层）,茶港军转小区
2000年,无,平层,商品房,电话预约,179274701,2018-06-30,356万,南北,高层 楼层（共8层）,茶港军转小区
2001年,无,平层,个人产权,随时看房,180609088,2018-08-07,480万,南北,中层 楼层（共17层）,茶港军转小区
2003年,有,个人产权,随时看房,180225104,2018-07-28,500万,南北,低层 楼层（共12层）,茶港军转小区
2000年,无,平层,个人产权,随时看房,180090946,2018-07-24,330万,南,中层 楼层（共8层）,茶港军转小区
2003年,无,复式,个人产权,随时看房,179886495,2018-07-19,560万,南北,高层 楼层（共8层）,茶港军转小区
2003年,无,平层,个人产权,随时看房,180161659,2018-07-26,300万,南北,中层 楼层（共7层）,茶港军转小区
2000年,无,平层,商品房,随时看房,179245632,2018-08-06,115万,南北,低层 楼层（共7层）,伏虎山庄 (距2号线虎泉站约202米)
2000年,有,个人产权,随时看房,179997784,2018-07-21,200万,北,中层 楼层（共7层）,伏虎山庄 (距2号线虎泉站约202米)
2013年,无,平层,商品房,随时看房,179613429,2018-07-11,160万,南北,中层 楼层（共7层）,伏虎山庄 (距2号线虎泉站约202米)
2000年,无,平层,商品房,随时看房,179309312,2018-07-01,120万,南北,低层 楼层（共8层）,伏虎山庄 (距2号线虎泉站约202米)
2000年,无,个人产权,随时看房,180615445,2018-08-08,130万,南北,中层 楼层（共7层）,伏虎山庄 (距2号线虎泉站约202米)
2013年,无,平层,商品房,随时看房,178303769,2018-06-02,140万,南北,中层 楼层（共7层）,伏虎山庄 (距2号线虎泉站约202米)
2000年,有,平层,个人产权,随时看房,180100714,2018-07-28,120万,南北,中层 楼层（共22层）,伏虎山庄 (距2号线虎泉站约202米)
1995年,有,平层,商品房,随时看房,180614043,2018-08-08,155万,南北,中层 楼层（共8层）,伏虎山庄 (距2号线虎泉站约202米)
2017年,有,平层,个人产权,随时看房,180099829,2018-07-28,128万,南,中层 楼层（共28层）,摩卡公馆
2013年,无,平层,商品房,随时看房,178290466,2018-06-01,95万,南,中层 楼层（共21层）,城投瀚城摩卡公馆
2016年,无,平层,个人产权,随时看房,179962768,2018-07-20,105万,南,低层 楼层（共22层）,城投瀚城摩卡公馆
2015年,有,平层,个人产权,随时看房,179057307,2018-06-23,99万,南,高层 楼层（共22层）,摩卡公馆
无,平层,个人产权,随时看房,178634844,2018-06-11,78万,西,中层 楼层（共21层）,城投瀚城摩卡公馆
2012年,无,平层,个人产权,随时看房,180183578,2018-07-27,143万,南,中层 楼层（共28层）,城投瀚城摩卡公馆
2014年,有,平层,个人产权,随时看房,180077476,2018-07-24,145万,东南,低层 楼层（共21层）,城投瀚城摩卡公馆
2014年,无,平层,个人产权,随时看房,177951242,2018-06-20,120万,西北,高层 楼层（共21层）,摩卡公馆
2005年,有,平层,个人产权,随时看房,179067926,2018-07-29,108万,南北,中层 楼层（共12层）,汉飞精英青年城
2008年,无,平层,商品房,随时看房,180123919,2018-07-25,72万,南,中层 楼层（共29层）,汉飞精英青年城
2005年,有,平层,商品房,电话预约,180411782,2018-08-05,69万,南北,中层 楼层（共16层）,汉飞精英青年城
2005年,有,平层,个人产权,随时看房,180442322,2018-08-03,100万,南,高层 楼层（共16层）,汉飞精英青年城
2005年,有,平层,个人产权,随时看房,174901222,2018-08-08,68万,南,低层 楼层（共17层）,汉飞精英青年城
2011年,无,平层,商品房,随时看房,180123987,2018-07-25,72万,南,高层 楼层（共16层）,汉飞精英青年城
2007年,有,平层,商品房,随时看房,180235012,2018-07-28,72万,南北,中层 楼层（共26层）,汉飞精英青年城
2005年,有,平层,个人产权,随时看房,178314235,2018-06-02,69万,南北,高层 楼层（共16层）,汉飞精英青年城
2013年,无,平层,商品房,随时看房,180494221,2018-08-08,130万,南,中层 楼层（共6层）,湖北省艺术学校宿舍 (距2号线宝通寺站约564米)
2000年,有,个人产权,随时看房,179698803,2018-07-13,170万,南,中层 楼层（共7层）,湖北省艺术学校宿舍 (距2号线宝通寺站约564米)
1999年,有,平层,商品房,随时看房,180613439,2018-08-08,136万,南北,低层 楼层（共7层）,湖北省艺术学校宿舍 (距2号线宝通寺站约564米)
1995年,有,个人产权,随时看房,179797182,2018-07-17,128万,南北,高层 楼层（共7层）,湖北省艺术学校宿舍 (距2号线宝通寺站约564米)
2005年,有,个人产权,随时看房,179500966,2018-07-21,98万,南北,低层 楼层（共6层）,湖北省艺术学校宿舍 (距2号线宝通寺站约564米)
1998年,有,个人产权,随时看房,180637374,2018-08-08,100万,南北,高层 楼层（共6层）,湖北省艺术学校宿舍 (距2号线宝通寺站约564米)
2012年,有,个人产权,随时看房,179794341,2018-07-17,125万,南北,低层 楼层（共7层）,湖北省艺术学校宿舍 (距2号线宝通寺站约564米)
2006年,无,平层,商品房,随时看房,179911795,2018-07-19,146万,南北,中层 楼层（共7层）,湖北省艺术学校宿舍 (距2号线宝通寺站约564米)
2007年,无,商品房,电话预约,179787160,2018-07-20,83万,南北,低层 楼层（共7层）,石牌园社区 (距2号线宝通寺站约700米)
2007年,无,平层,商品房,180569899,2018-08-06,83万,南北,中层 楼层（共7层）,石牌园社区 (距2号线宝通寺站约700米)
2007年,无,平层,商品房,电话预约,180462680,2018-08-04,90万,南北,低层 楼层（共7层）,石牌园社区 (距2号线宝通寺站约700米)
2007年,无,商品房,随时看房,179681186,2018-07-13,83万,南北,低层 楼层（共7层）,石牌园社区 (距2号线宝通寺站约700米)
2007年,无,商品房,随时看房,179713197,2018-07-14,83万,南,中层 楼层（共7层）,石牌园社区 (距2号线宝通寺站约700米)
2007年,无,商品房,180410366,2018-08-02,95万,南,高层 楼层（共7层）,石牌园社区 (距2号线宝通寺站约700米)
2007年,无,平层,商品房,电话预约,170493828,2018-06-04,110万,南北,高层 楼层（共7层）,石牌园社区 (距2号线宝通寺站约700米)
2007年,无,商品房,电话预约,179772694,2018-07-16,127万,南北,高层 楼层（共8层）,石牌园社区 (距2号线宝通寺站约700米)
2013年,有,平层,商品房,随时看房,180503592,2018-08-05,135万,南北,中层 楼层（共4层）,卓刀泉林科院宿舍 (距2号线虎泉站约604米)
2013年,无,平层,商品房,随时看房,179645597,2018-07-14,133万,南北,高层 楼层（共1层）,卓刀泉林科院宿舍 (距2号线虎泉站约604米)
2013年,无,平层,商品房,随时看房,180299984,2018-08-01,120万,南北,中层 楼层（共3层）,卓刀泉林科院宿舍 (距2号线虎泉站约604米)
2001年,无,平层,商品房,180638699,2018-08-08,130万,南北,高层 楼层（共4层）,卓刀泉林科院宿舍 (距2号线虎泉站约604米)
2000年,有,个人产权,随时看房,179500944,2018-07-21,115万,南北,中层 楼层（共7层）,卓刀泉林科院宿舍 (距2号线虎泉站约604米)
2013年,无,平层,商品房,随时看房,180631221,2018-08-08,205万,南北,中层 楼层（共7层）,卓刀泉林科院宿舍 (距2号线虎泉站约604米)
2000年,无,平层,个人产权,随时看房,180412699,2018-08-05,134万,西北,低层 楼层（共6层）,卓刀泉林科院宿舍 (距2号线虎泉站约604米)
1999年,无,平层,商品房,随时看房,180595402,2018-08-07,130万,南,中层 楼层（共6层）,卓刀泉林科院宿舍 (距2号线虎泉站约604米)
2017年,有,平层,商品房,随时看房,180630169,2018-08-08,85万,东,低层 楼层（共27层）,逸景南湾寓上湖
2012年,有,商品房,180553633,2018-08-06,85万,南北,中层 楼层（共27层）,逸景南湾寓上湖
2012年,无,平层,个人产权,随时看房,180632312,2018-08-08,102万,东,中层 楼层（共27层）,逸景南湾寓上湖
2012年,有,平层,个人产权,随时看房,175175202,2018-06-18,80万,东南,高层 楼层（共27层）,逸景南湾寓上湖
2012年,有,平层,商品房,随时看房,180520994,2018-08-05,70万,南北,高层 楼层（共28层）,逸景南湾寓上湖
2012年,有,平层,商品房,随时看房,180633322,2018-08-08,170万,东南,高层 楼层（共27层）,逸景南湾寓上湖
2014年,有,平层,个人产权,随时看房,180414033,2018-08-02,163万,南北,低层 楼层（共27层）,逸景南湾寓上湖
2012年,有,平层,商品房,180623578,2018-08-08,85万,西南,低层 楼层（共27层）,逸景南湾寓上湖
2004年,有,个人产权,随时看房,179798026,2018-07-17,110万,南,低层 楼层（共6层）,电力职工疗养院 (距2号线虎泉站约861米)
1998年,无,平层,商品房,随时看房,180632308,2018-08-08,162万,南北,中层 楼层（共6层）,电力职工疗养院 (距2号线虎泉站约861米)
1995年,无,平层,个人产权,随时看房,179808271,2018-07-18,120万,南北,中层 楼层（共4层）,电力职工疗养院 (距2号线虎泉站约861米)
2013年,有,平层,商品房,随时看房,180422995,2018-08-03,123万,东西,中层 楼层（共7层）,电力职工疗养院 (距2号线虎泉站约861米)
无,平层,个人产权,随时看房,180503577,2018-08-05,168万,南北,中层 楼层（共7层）,电力职工疗养院 (距2号线虎泉站约861米)
2000年,无,平层,商品房,随时看房,179683650,2018-07-23,150万,南北,低层 楼层（共7层）,电力职工疗养院 (距2号线虎泉站约861米)
2013年,有,平层,商品房,随时看房,180565013,2018-08-06,165万,南北,中层 楼层（共6层）,电力职工疗养院 (距2号线虎泉站约861米)
有,平层,商品房,随时看房,179789421,2018-07-16,120万,南北,中层 楼层（共7层）,电力职工疗养院 (距2号线虎泉站约861米)
1995年,无,商品房,180612071,2018-08-08,123万,南北,低层 楼层（共7层）,街道口荣泰小区 (距2号线街道口站约613米)
1995年,无,平层,商品房,电话预约,178644050,2018-06-11,123万,南北,中层 楼层（共8层）,街道口荣泰小区 (距2号线街道口站约613米)
1995年,无,平层,商品房,随时看房,177815030,2018-06-04,118万,南,中层 楼层（共6层）,街道口荣泰小区 (距2号线街道口站约613米)
1995年,无,平层,商品房,电话预约,178972467,2018-06-21,110万,南北,高层 楼层（共8层）,街道口荣泰小区 (距2号线街道口站约613米)
1999年,无,平层,个人产权,随时看房,180580308,2018-08-07,160万,南,中层 楼层（共8层）,街道口荣泰小区 (距2号线街道口站约613米)
1995年,无,平层,个人产权,随时看房,180618133,2018-08-08,132万,南,高层 楼层（共7层）,街道口荣泰小区 (距2号线街道口站约613米)
1995年,无,商品房,179810043,2018-08-03,78万,南,高层 楼层（共8层）,街道口荣泰小区 (距2号线街道口站约613米)
1995年,无,商品房,随时看房,180205244,2018-07-30,147万,南北,高层 楼层（共8层）,街道口荣泰小区 (距2号线街道口站约613米)
2011年,有,平层,个人产权,随时看房,180643762,2018-08-08,115万,南北,高层 楼层（共7层）,南湖假日
2011年,无,平层,商品房,随时看房,175924003,2018-08-05,120万,南,中层 楼层（共7层）,南湖假日
2011年,有,个人产权,随时看房,179542896,2018-07-16,120万,南,低层 楼层（共7层）,南湖假日
2011年,无,平层,商品房,电话预约,178643549,2018-06-11,93万,南北,高层 楼层（共7层）,南湖假日
2011年,无,商品房,电话预约,180608834,2018-08-07,53万,南北,中层 楼层（共7层）,南湖假日
2011年,有,平层,个人产权,随时看房,176228894,2018-08-08,112万,南北,中层 楼层（共7层）,南湖假日
2011年,有,平层,个人产权,随时看房,175362084,2018-08-08,112万,南,高层 楼层（共7层）,南湖假日
2011年,有,个人产权,随时看房,179274211,2018-06-30,53万,南北,低层 楼层（共7层）,南湖假日
2016年,有,平层,商品房,随时看房,180340354,2018-07-31,280万,南,高层 楼层（共32层）,群光上苑 (距2号线街道口站约206米)
2013年,无,平层,商品房,随时看房,174167599,2018-08-06,260万,南,低层 楼层（共31层）,群光上苑 (距2号线街道口站约206米)
2016年,无,商品房,179995803,2018-07-21,312万,南,中层 楼层（共32层）,群光上苑 (距2号线街道口站约206米)
2016年,无,平层,商品房,电话预约,179712670,2018-07-14,290万,南北,中层 楼层（共32层）,群光上苑 (距2号线街道口站约206米)
2016年,有,平层,商品房,随时看房,180570517,2018-08-06,350万,南北,中层 楼层（共32层）,群光上苑 (距2号线街道口站约206米)
2016年,有,平层,商品房,电话预约,177000823,2018-08-02,252万,南北,中层 楼层（共34层）,群光上苑 (距2号线街道口站约206米)
2016年,有,平层,商品房,随时看房,180454778,2018-08-03,280万,南北,中层 楼层（共32层）,群光上苑 (距2号线街道口站约206米)
2016年,无,个人产权,180049317,2018-07-23,307万,南北,低层 楼层（共32层）,群光上苑 (距2号线街道口站约206米)
2012年,有,平层,商品房,随时看房,179218878,2018-06-28,220万,南,中层 楼层（共30层）,未来公馆 (距2号线宝通寺站约581米)
2012年,无,平层,商品房,电话预约,174679324,2018-06-04,198万,东北,低层 楼层（共28层）,未来公馆 (距2号线宝通寺站约581米)
2012年,无,商品房,电话预约,177833946,2018-06-15,210万,南北,中层 楼层（共30层）,未来公馆 (距2号线宝通寺站约581米)
2012年,无,平层,商品房,180389975,2018-08-02,138万,南,高层 楼层（共32层）,未来公馆 (距2号线宝通寺站约581米)
2012年,无,商品房,电话预约,179616161,2018-07-11,220万,东南,中层 楼层（共28层）,未来公馆 (距2号线宝通寺站约581米)
2012年,无,平层,商品房,电话预约,177051160,2018-08-08,142万,南北,高层 楼层（共28层）,未来公馆 (距2号线宝通寺站约581米)
2012年,有,平层,商品房,电话预约,180173605,2018-07-26,135万,南北,高层 楼层（共28层）,未来公馆 (距2号线宝通寺站约581米)
2012年,无,平层,商品房,随时看房,179618345,2018-07-11,135万,南北,中层 楼层（共33层）,未来公馆 (距2号线宝通寺站约581米)
2002年,无,平层,商品房,电话预约,179360261,2018-07-03,300万,南,中层 楼层（共18层）,洪山检察院宿舍
2002年,无,平层,商品房,电话预约,179360589,2018-07-03,380万,南北,低层 楼层（共22层）,洪山检察院宿舍
2002年,无,平层,商品房,电话预约,179360275,2018-07-03,350万,东南,高层 楼层（共11层）,洪山检察院宿舍
2013年,无,平层,商品房,电话预约,180495099,2018-08-04,420万,南北,中层 楼层（共30层）,洪山检察院宿舍
2002年,无,平层,商品房,电话预约,179332967,2018-07-02,380万,南北,高层 楼层（共11层）,洪山检察院宿舍
2002年,无,平层,商品房,电话预约,179360270,2018-07-03,310万,北,低层 楼层（共11层）,洪山检察院宿舍
2002年,无,平层,商品房,电话预约,179333357,2018-07-02,232万,南北,高层 楼层（共18层）,洪山检察院宿舍
2008年,有,个人产权,随时看房,179273834,2018-06-30,360万,南,低层 楼层（共24层）,洪山检察院宿舍
1998年,无,平层,商品房,180557006,2018-08-06,210万,南,高层 楼层（共7层）,泰格生态公寓
2001年,无,平层,商品房,随时看房,180632389,2018-08-08,190万,南北,中层 楼层（共7层）,泰格生态公寓
2000年,有,个人产权,随时看房,180245032,2018-07-28,175万,南北,低层 楼层（共7层）,泰格生态公寓
1998年,无,平层,商品房,随时看房,180232725,2018-07-28,190万,南北,高层 楼层（共7层）,泰格生态公寓
1998年,无,平层,商品房,180566368,2018-08-06,160万,南,中层 楼层（共7层）,泰格生态公寓
2013年,无,平层,商品房,随时看房,178296710,2018-06-02,180万,南北,中层 楼层（共7层）,泰格生态公寓
2007年,无,商品房,180392953,2018-08-03,200万,南北,高层 楼层（共7层）,泰格生态公寓
2013年,无,平层,商品房,随时看房,180122676,2018-07-27,203万,南北,高层 楼层（共7层）,泰格生态公寓
2011年,有,个人产权,随时看房,179274159,2018-06-30,150万,南,中层 楼层（共26层）,阳光美墅 (距2号线虎泉站约728米)
2013年,有,平层,商品房,随时看房,180613581,2018-08-08,145万,东北,高层 楼层（共29层）,阳光美墅 (距2号线虎泉站约728米)
2013年,无,平层,商品房,180101670,2018-08-08,198万,南北,中层 楼层（共30层）,阳光美墅 (距2号线虎泉站约728米)
2011年,有,平层,商品房,随时看房,178295948,2018-08-08,138万,南北,中层 楼层（共32层）,阳光美墅 (距2号线虎泉站约728米)
2011年,无,平层,个人产权,随时看房,180389421,2018-08-07,210万,南北,中层 楼层（共33层）,阳光美墅 (距2号线虎泉站约728米)
2011年,有,平层,商品房,随时看房,178611132,2018-06-10,210万,南北,低层 楼层（共29层）,阳光美墅 (距2号线虎泉站约728米)
2011年,无,平层,商品房,180640823,2018-08-08,200万,南,中层 楼层（共21层）,阳光美墅 (距2号线虎泉站约728米)
2011年,有,平层,个人产权,随时看房,177662655,2018-07-24,146万,暂无,低层 楼层（共29层）,阳光美墅 (距2号线虎泉站约728米)
2014年,有,平层,商品房,随时看房,179771892,2018-07-16,475万,南北,高层 楼层（共26层）,银海东湖珞珈 (距2号线广埠屯站约663米)
2014年,有,平层,商品房,随时看房,179779783,2018-07-16,460万,南北,高层 楼层（共28层）,银海东湖珞珈 (距2号线广埠屯站约663米)
2013年,有,平层,商品房,随时看房,179593547,2018-07-10,315万,南北,高层 楼层（共26层）,银海东湖珞珈 (距2号线广埠屯站约663米)
2014年,有,平层,个人产权,随时看房,179984469,2018-07-21,150万,南北,中层 楼层（共26层）,银海东湖珞珈 (距2号线广埠屯站约663米)
2014年,有,平层,个人产权,随时看房,180187209,2018-07-27,150万,南北,高层 楼层（共26层）,银海东湖珞珈 (距2号线广埠屯站约663米)
2014年,有,平层,个人产权,随时看房,179838219,2018-07-18,308万,南北,高层 楼层（共26层）,银海东湖珞珈 (距2号线广埠屯站约663米)
2014年,有,平层,个人产权,随时看房,179708959,2018-07-14,315万,南北,低层 楼层（共30层）,银海东湖珞珈 (距2号线广埠屯站约663米)
2013年,有,平层,商品房,随时看房,180614059,2018-08-08,285万,南北,中层 楼层（共26层）,银海东湖珞珈 (距2号线广埠屯站约663米)
2000年,有,个人产权,随时看房,180494060,2018-08-04,156万,南北,中层 楼层（共6层）,荣泰小区市政宿舍 (距2号线街道口站约755米)
1998年,无,平层,商品房,电话预约,180065024,2018-08-04,133万,南北,中层 楼层（共8层）,荣泰小区市政宿舍 (距2号线街道口站约755米)
1998年,有,平层,个人产权,随时看房,178797777,2018-07-20,275万,南北,中层 楼层（共7层）,荣泰小区市政宿舍 (距2号线街道口站约755米)
1998年,无,平层,个人产权,随时看房,180452434,2018-08-03,138万,南北,高层 楼层（共7层）,荣泰小区市政宿舍 (距2号线街道口站约755米)
1995年,有,个人产权,随时看房,179111061,2018-07-20,200万,南,高层 楼层（共8层）,荣泰小区市政宿舍 (距2号线街道口站约755米)
1998年,有,个人产权,随时看房,179110659,2018-07-20,230万,南北,中层 楼层（共8层）,荣泰小区市政宿舍 (距2号线街道口站约755米)
1998年,有,平层,商品房,随时看房,179668855,2018-07-17,94万,东南,中层 楼层（共8层）,荣泰小区市政宿舍 (距2号线街道口站约755米)
2018年,无,平层,个人产权,随时看房,179846418,2018-07-18,132万,南,高层 楼层（共7层）,荣泰小区市政宿舍 (距2号线街道口站约755米)
2000年,无,平层,商品房,随时看房,177830096,2018-06-17,135万,南北,低层 楼层（共7层）,华中师范大学东九区 (距2号线虎泉站约785米)
2000年,有,个人产权,随时看房,179958856,2018-07-20,178万,南北,高层 楼层（共8层）,华师东门宿舍 (距2号线虎泉站约785米)
2000年,无,平层,商品房,随时看房,177487859,2018-05-25,105万,南北,中层 楼层（共7层）,华师东门宿舍 (距2号线虎泉站约785米)
2000年,有,个人产权,随时看房,180503714,2018-08-05,125万,南,低层 楼层（共7层）,华师东门宿舍 (距2号线虎泉站约785米)
1999年,无,商品房,179635600,2018-07-19,175万,南,中层 楼层（共6层）,华师东门宿舍 (距2号线虎泉站约785米)
2001年,无,平层,商品房,随时看房,180436170,2018-08-03,139万,南北,高层 楼层（共7层）,华师东门宿舍 (距2号线虎泉站约785米)
1995年,无,平层,商品房,随时看房,180334655,2018-07-31,168万,南北,中层 楼层（共7层）,华中师范大学东九区 (距2号线虎泉站约785米)
2000年,有,个人产权,随时看房,179903310,2018-07-19,125万,南,高层 楼层（共7层）,华师东门宿舍 (距2号线虎泉站约785米)
2013年,无,平层,商品房,随时看房,180503574,2018-08-05,215万,南北,中层 楼层（共7层）,金桥花园 (距2号线广埠屯站约739米)
1999年,无,平层,商品房,电话预约,179804332,2018-07-17,150万,南北,低层 楼层（共7层）,金桥社区 (距2号线广埠屯站约739米)
1996年,有,个人产权,随时看房,179274289,2018-06-30,150万,南,中层 楼层（共7层）,金桥花园 (距2号线广埠屯站约739米)
1985年,无,平层,个人产权,随时看房,177380090,2018-08-04,162万,南北,低层 楼层（共6层）,金桥花园 (距2号线广埠屯站约739米)
2013年,无,平层,商品房,随时看房,178422094,2018-07-07,200万,南,低层 楼层（共7层）,金桥社区 (距2号线广埠屯站约739米)
2000年,有,个人产权,随时看房,179273477,2018-06-30,158万,南北,低层 楼层（共7层）,金桥花园 (距2号线广埠屯站约739米)
2000年,无,平层,商品房,随时看房,180172792,2018-07-26,180万,南北,中层 楼层（共7层）,金桥社区 (距2号线广埠屯站约739米)
2001年,无,平层,个人产权,随时看房,179567565,2018-07-09,215万,南北,中层 楼层（共7层）,金桥社区 (距2号线广埠屯站约739米)
2004年,无,平层,个人产权,随时看房,180626203,2018-08-08,200万,南北,中层 楼层（共6层）,兰庭居 (距2号线虎泉站约659米)
2004年,无,平层,个人产权,随时看房,177585842,2018-07-19,195万,南北,中层 楼层（共6层）,兰庭居 (距2号线虎泉站约659米)
2004年,有,个人产权,随时看房,180632411,2018-08-08,185万,南,高层 楼层（共6层）,兰庭居 (距2号线虎泉站约659米)
2004年,无,平层,商品房,电话预约,179805654,2018-07-17,162万,南北,中层 楼层（共7层）,兰庭居 (距2号线虎泉站约659米)
2004年,无,平层,个人产权,随时看房,168161778,2018-08-08,120万,南北,高层 楼层（共7层）,兰庭居 (距2号线虎泉站约659米)
2004年,有,平层,个人产权,随时看房,180107437,2018-07-28,206万,南北,中层 楼层（共28层）,兰庭居 (距2号线虎泉站约659米)
2008年,无,平层,商品房,随时看房,180592051,2018-08-08,188万,南北,中层 楼层（共7层）,兰庭居 (距2号线虎泉站约659米)
2004年,有,平层,个人产权,随时看房,176826991,2018-08-08,125万,南北,中层 楼层（共7层）,兰庭居 (距2号线虎泉站约659米)
2017年,有,平层,商品房,随时看房,171603966,2018-07-25,140万,南北,中层 楼层（共34层）,喜瑞都
2018年,无,平层,商品房,随时看房,178362531,2018-06-03,155万,南北,低层 楼层（共34层）,喜瑞都
2016年,有,平层,个人产权,随时看房,180635977,2018-08-08,155万,南北,低层 楼层（共33层）,喜瑞都
2019年,无,平层,个人产权,随时看房,178617929,2018-06-10,120万,暂无,中层 楼层（共32层）,喜瑞都
2019年,有,平层,个人产权,随时看房,178360440,2018-06-03,175万,南北,低层 楼层（共34层）,喜瑞都
2015年,无,平层,商品房,随时看房,178305953,2018-06-02,130万,南北,中层 楼层（共32层）,喜瑞都
2017年,有,平层,商品房,随时看房,173773084,2018-07-25,110万,南北,中层 楼层（共33层）,喜瑞都
2017年,有,平层,个人产权,随时看房,178515954,2018-06-08,155万,南北,低层 楼层（共34层）,喜瑞都
1998年,无,平层,个人产权,随时看房,179766001,2018-07-16,325万,南北,中层 楼层（共5层）,仪表厂宿舍 (距2号线广埠屯站约616米)
1999年,无,平层,商品房,随时看房,177564642,2018-08-06,180万,南北,高层 楼层（共7层）,仪表厂宿舍 (距2号线广埠屯站约616米)
1998年,无,平层,个人产权,随时看房,179906013,2018-07-19,175万,南北,中层 楼层（共7层）,仪表厂宿舍 (距2号线广埠屯站约616米)
2000年,无,平层,商品房,随时看房,180426163,2018-08-04,350万,南北,低层 楼层（共7层）,仪表厂宿舍 (距2号线广埠屯站约616米)
1998年,无,平层,个人产权,随时看房,180358635,2018-08-01,120万,南北,低层 楼层（共5层）,仪表厂宿舍 (距2号线广埠屯站约616米)
1998年,无,平层,个人产权,随时看房,180093950,2018-07-24,150万,南北,高层 楼层（共7层）,仪表厂宿舍 (距2号线广埠屯站约616米)
1998年,无,平层,个人产权,随时看房,180323124,2018-07-31,130万,南北,中层 楼层（共5层）,仪表厂宿舍 (距2号线广埠屯站约616米)
2002年,无,平层,商品房,随时看房,179856669,2018-07-24,325万,南北,中层 楼层（共7层）,仪表厂宿舍 (距2号线广埠屯站约616米)
2011年,无,平层,商品房,电话预约,177589295,2018-08-04,265万,南北,中层 楼层（共18层）,春林庭苑
2006年,无,平层,商品房,电话预约,177589321,2018-08-04,168万,北,低层 楼层（共26层）,春林庭苑
2003年,有,商品房,180640756,2018-08-08,95万,南,中层 楼层（共22层）,春林庭苑
2006年,有,平层,个人产权,随时看房,179808384,2018-07-17,95万,西南,中层 楼层（共28层）,春林庭苑
2006年,无,平层,个人产权,179630937,2018-07-30,92万,南,低层 楼层（共28层）,春林庭苑
2006年,有,平层,商品房,电话预约,178642934,2018-06-11,95万,南北,低层 楼层（共22层）,春林庭苑
2006年,无,平层,商品房,电话预约,177812756,2018-06-15,140万,南北,高层 楼层（共7层）,春林庭苑
2006-01-01年,无,507710,2018-06-20,146万,南,低楼层 楼层（共28层）,春林庭苑
1999年,无,平层,商品房,随时看房,179624782,2018-07-11,180万,南北,中层 楼层（共7层）,广八路社区 (距2号线广埠屯站约648米)
1994年,无,平层,商品房,随时看房,179674691,2018-08-08,160万,南北,高层 楼层（共7层）,广八路社区 (距2号线广埠屯站约648米)
1998年,无,平层,个人产权,随时看房,179609769,2018-07-11,170万,南北,高层 楼层（共8层）,广八路社区 (距2号线广埠屯站约648米)
1994年,无,平层,个人产权,随时看房,179646935,2018-07-12,140万,南北,中层 楼层（共5层）,广八路社区 (距2号线广埠屯站约648米)
1998年,无,平层,个人产权,随时看房,179678748,2018-07-30,162万,南北,高层 楼层（共7层）,广八路社区 (距2号线广埠屯站约648米)
1994年,无,平层,个人产权,随时看房,180023492,2018-07-22,192万,南北,高层 楼层（共7层）,广八路社区 (距2号线广埠屯站约648米)
1998年,无,平层,个人产权,随时看房,180553931,2018-08-06,135万,南北,低层 楼层（共6层）,广八路社区 (距2号线广埠屯站约648米)
1994年,无,平层,个人产权,随时看房,179646754,2018-07-12,160万,南北,高层 楼层（共6层）,广八路社区 (距2号线广埠屯站约648米)
